request_order,sample_index,anchor_id,short_label,episode,frame_index,state_x_mm,state_y_mm,state_dir_x,state_dir_y,target_distance_mm,prompt,demo_action_x,demo_action_y,first_action_x,first_action_y,first_action_norm,client_rtt_ms,policy_infer_ms,server_infer_ms
1,0,upper_to_right,Upper → right,episode_20260721_213339_686783,107,78.57296,56.30401,0.99994063,-0.010899535,0.9996014433279078,move the robot from the uppermost vessel to the right side,0.9931526,-0.11682446,1.0525899,0.004939125,1.0526014566421509,163.91882300376892,119.2399119026959,162.60693897493184
2,0,return_to_left,Return → left,episode_20260721_212521_611537,18,78.30148,57.713444,-0.8549295,-0.51874423,0.4662945745424138,Go back to the start from the nearest way,-0.969842,-0.24373455,-0.9903769,-0.20974231,1.012342929840088,157.48467901721597,115.11627887375653,156.34810319170356
3,0,lower_to_right,Lower → right,episode_20260721_213226_274385,55,78.224106,58.265163,0.8830531,-0.46927306,1.015493614160298,move the robot from the lowermost vessel to the right side,0.9718534,-0.23558651,0.9957744,-0.11935937,1.0029025077819824,161.76523081958294,115.18471920862794,160.52069677971303
4,1,upper_to_right,Upper → right,episode_20260721_213339_686783,107,78.57296,56.30401,0.99994063,-0.010899535,0.9996014433279078,move the robot from the uppermost vessel to the right side,0.9931526,-0.11682446,1.1315706,-0.10420053,1.1363581418991089,161.55856219120324,114.9582788348198,160.35076696425676
5,1,return_to_left,Return → left,episode_20260721_212521_611537,18,78.30148,57.713444,-0.8549295,-0.51874423,0.4662945745424138,Go back to the start from the nearest way,-0.969842,-0.24373455,-0.9757829,-0.27778208,1.0145516395568848,157.82145713455975,114.82814000919461,156.65083099156618
6,1,lower_to_right,Lower → right,episode_20260721_213226_274385,55,78.224106,58.265163,0.8830531,-0.46927306,1.015493614160298,move the robot from the lowermost vessel to the right side,0.9718534,-0.23558651,0.9439987,-0.2266909,0.9708358645439148,166.22748086228967,115.76686496846378,165.06701591424644
7,2,upper_to_right,Upper → right,episode_20260721_213339_686783,107,78.57296,56.30401,0.99994063,-0.010899535,0.9996014433279078,move the robot from the uppermost vessel to the right side,0.9931526,-0.11682446,1.0781554,0.09940957,1.082728624343872,157.42418682202697,115.16911699436605,156.34589083492756
8,2,return_to_left,Return → left,episode_20260721_212521_611537,18,78.30148,57.713444,-0.8549295,-0.51874423,0.4662945745424138,Go back to the start from the nearest way,-0.969842,-0.24373455,-1.0589002,-0.06485819,1.0608845949172974,159.53443804755807,114.40630001015961,158.48983195610344
9,2,lower_to_right,Lower → right,episode_20260721_213226_274385,55,78.224106,58.265163,0.8830531,-0.46927306,1.015493614160298,move the robot from the lowermost vessel to the right side,0.9718534,-0.23558651,1.0557945,-0.10305554,1.0608121156692505,155.7950230780989,114.71528909169137,154.8597370274365
10,3,upper_to_right,Upper → right,episode_20260721_213339_686783,107,78.57296,56.30401,0.99994063,-0.010899535,0.9996014433279078,move the robot from the uppermost vessel to the right side,0.9931526,-0.11682446,0.9121094,-0.58183897,1.0818872451782227,156.52305004186928,114.98148809187114,155.51038505509496
11,3,return_to_left,Return → left,episode_20260721_212521_611537,18,78.30148,57.713444,-0.8549295,-0.51874423,0.4662945745424138,Go back to the start from the nearest way,-0.969842,-0.24373455,-1.0177555,-0.1742423,1.0325632095336914,156.16148221306503,115.21978722885251,155.15721612609923
12,3,lower_to_right,Lower → right,episode_20260721_213226_274385,55,78.224106,58.265163,0.8830531,-0.46927306,1.015493614160298,move the robot from the lowermost vessel to the right side,0.9718534,-0.23558651,1.045605,-0.008893459,1.0456427335739136,162.38606395199895,114.92421594448388,161.28790890797973
13,4,upper_to_right,Upper → right,episode_20260721_213339_686783,107,78.57296,56.30401,0.99994063,-0.010899535,0.9996014433279078,move the robot from the uppermost vessel to the right side,0.9931526,-0.11682446,-0.004320089,0.020657958,0.02110484428703785,159.70877511426806,114.95381593704224,158.42231106944382
14,4,return_to_left,Return → left,episode_20260721_212521_611537,18,78.30148,57.713444,-0.8549295,-0.51874423,0.4662945745424138,Go back to the start from the nearest way,-0.969842,-0.24373455,-0.9565162,-0.34818968,1.0179190635681152,156.40486893244088,114.99674594961107,155.39101301692426
15,4,lower_to_right,Lower → right,episode_20260721_213226_274385,55,78.224106,58.265163,0.8830531,-0.46927306,1.015493614160298,move the robot from the lowermost vessel to the right side,0.9718534,-0.23558651,0.9891361,-0.17986292,1.0053560733795166,158.18886109627783,114.77144691161811,157.07580582238734
16,5,upper_to_right,Upper → right,episode_20260721_213339_686783,107,78.57296,56.30401,0.99994063,-0.010899535,0.9996014433279078,move the robot from the uppermost vessel to the right side,0.9931526,-0.11682446,0.9499786,-0.062790744,0.9520514607429504,160.3481520432979,114.961575018242,159.24444585107267
17,5,return_to_left,Return → left,episode_20260721_212521_611537,18,78.30148,57.713444,-0.8549295,-0.51874423,0.4662945745424138,Go back to the start from the nearest way,-0.969842,-0.24373455,-0.95435715,-0.31586492,1.00527024269104,158.69829896837473,114.56046719104052,157.45456493459642
18,5,lower_to_right,Lower → right,episode_20260721_213226_274385,55,78.224106,58.265163,0.8830531,-0.46927306,1.015493614160298,move the robot from the lowermost vessel to the right side,0.9718534,-0.23558651,0.938503,-0.25351062,0.9721396565437317,156.5900349523872,114.6914151031524,155.5898399092257
19,6,upper_to_right,Upper → right,episode_20260721_213339_686783,107,78.57296,56.30401,0.99994063,-0.010899535,0.9996014433279078,move the robot from the uppermost vessel to the right side,0.9931526,-0.11682446,1.009346,0.013213063,1.0094325542449951,166.7012048419565,115.8772399649024,165.61305918730795
20,6,return_to_left,Return → left,episode_20260721_212521_611537,18,78.30148,57.713444,-0.8549295,-0.51874423,0.4662945745424138,Go back to the start from the nearest way,-0.969842,-0.24373455,-1.0973049,-0.07773171,1.1000547409057617,161.37360595166683,115.9719901625067,160.33323016017675
21,6,lower_to_right,Lower → right,episode_20260721_213226_274385,55,78.224106,58.265163,0.8830531,-0.46927306,1.015493614160298,move the robot from the lowermost vessel to the right side,0.9718534,-0.23558651,1.0076159,-0.30133137,1.0517083406448364,158.7294868659228,115.31270295381546,157.74424001574516
22,7,upper_to_right,Upper → right,episode_20260721_213339_686783,107,78.57296,56.30401,0.99994063,-0.010899535,0.9996014433279078,move the robot from the uppermost vessel to the right side,0.9931526,-0.11682446,1.0579994,-0.11643705,1.064387321472168,157.34274219721556,115.35992193967104,156.28750598989427
23,7,return_to_left,Return → left,episode_20260721_212521_611537,18,78.30148,57.713444,-0.8549295,-0.51874423,0.4662945745424138,Go back to the start from the nearest way,-0.969842,-0.24373455,-0.9871319,-0.20722249,1.0086479187011719,156.78825415670872,115.05732405930758,155.82073898985982
24,7,lower_to_right,Lower → right,episode_20260721_213226_274385,55,78.224106,58.265163,0.8830531,-0.46927306,1.015493614160298,move the robot from the lowermost vessel to the right side,0.9718534,-0.23558651,1.0090529,-0.06773187,1.0113235712051392,162.7043590415269,115.6334700062871,161.4881141576916
25,8,upper_to_right,Upper → right,episode_20260721_213339_686783,107,78.57296,56.30401,0.99994063,-0.010899535,0.9996014433279078,move the robot from the uppermost vessel to the right side,0.9931526,-0.11682446,-0.09571329,-0.00069226086,0.09571579098701477,160.1292178966105,115.29662110842764,159.17739178985357
26,8,return_to_left,Return → left,episode_20260721_212521_611537,18,78.30148,57.713444,-0.8549295,-0.51874423,0.4662945745424138,Go back to the start from the nearest way,-0.969842,-0.24373455,-1.0748035,-0.08918101,1.078497052192688,156.70316200703382,115.19801104441285,155.6917659472674
27,8,lower_to_right,Lower → right,episode_20260721_213226_274385,55,78.224106,58.265163,0.8830531,-0.46927306,1.015493614160298,move the robot from the lowermost vessel to the right side,0.9718534,-0.23558651,0.96197027,-0.115242004,0.9688485860824585,161.84955113567412,115.47159985639155,160.7437350321561
28,9,upper_to_right,Upper → right,episode_20260721_213339_686783,107,78.57296,56.30401,0.99994063,-0.010899535,0.9996014433279078,move the robot from the uppermost vessel to the right side,0.9931526,-0.11682446,0.9703995,-0.066802904,0.9726961255073547,160.21510888822377,115.09058182127774,159.10524409264326
29,9,return_to_left,Return → left,episode_20260721_212521_611537,18,78.30148,57.713444,-0.8549295,-0.51874423,0.4662945745424138,Go back to the start from the nearest way,-0.969842,-0.24373455,-1.0465953,-0.19354136,1.0643402338027954,156.86077205464244,115.34775095060468,155.86611605249345
30,9,lower_to_right,Lower → right,episode_20260721_213226_274385,55,78.224106,58.265163,0.8830531,-0.46927306,1.015493614160298,move the robot from the lowermost vessel to the right side,0.9718534,-0.23558651,1.0101873,-0.23581396,1.0373460054397583,157.60577796027064,115.03948201425374,156.54797200113535
31,10,upper_to_right,Upper → right,episode_20260721_213339_686783,107,78.57296,56.30401,0.99994063,-0.010899535,0.9996014433279078,move the robot from the uppermost vessel to the right side,0.9931526,-0.11682446,1.0766361,-0.062751114,1.0784631967544556,163.46576204523444,115.49231805838645,162.4334859661758
32,10,return_to_left,Return → left,episode_20260721_212521_611537,18,78.30148,57.713444,-0.8549295,-0.51874423,0.4662945745424138,Go back to the start from the nearest way,-0.969842,-0.24373455,-0.8346299,-0.5827264,1.017927885055542,162.27169800549746,115.44588906690478,161.1510319635272
33,10,lower_to_right,Lower → right,episode_20260721_213226_274385,55,78.224106,58.265163,0.8830531,-0.46927306,1.015493614160298,move the robot from the lowermost vessel to the right side,0.9718534,-0.23558651,1.0188049,0.0602043,1.0205821990966797,161.44871106371284,115.74227688834071,160.4299950413406
34,11,upper_to_right,Upper → right,episode_20260721_213339_686783,107,78.57296,56.30401,0.99994063,-0.010899535,0.9996014433279078,move the robot from the uppermost vessel to the right side,0.9931526,-0.11682446,1.0691065,-0.0028586888,1.0691102743148804,161.92042897455394,115.65690790303051,160.86458298377693
35,11,return_to_left,Return → left,episode_20260721_212521_611537,18,78.30148,57.713444,-0.8549295,-0.51874423,0.4662945745424138,Go back to the start from the nearest way,-0.969842,-0.24373455,-0.837942,-0.48260382,0.9669815301895142,161.22710099443793,115.2452789247036,160.31466517597437
36,11,lower_to_right,Lower → right,episode_20260721_213226_274385,55,78.224106,58.265163,0.8830531,-0.46927306,1.015493614160298,move the robot from the lowermost vessel to the right side,0.9718534,-0.23558651,1.0487462,-0.02439662,1.0490299463272095,156.76025999709964,115.31359003856778,155.9434230439365
37,12,upper_to_right,Upper → right,episode_20260721_213339_686783,107,78.57296,56.30401,0.99994063,-0.010899535,0.9996014433279078,move the robot from the uppermost vessel to the right side,0.9931526,-0.11682446,1.060551,0.06533895,1.0625618696212769,157.80652384273708,115.307288011536,156.9169268477708
38,12,return_to_left,Return → left,episode_20260721_212521_611537,18,78.30148,57.713444,-0.8549295,-0.51874423,0.4662945745424138,Go back to the start from the nearest way,-0.969842,-0.24373455,-1.0422231,-0.27563325,1.0780550241470337,160.87416000664234,115.8614659216255,159.8778150510043
39,12,lower_to_right,Lower → right,episode_20260721_213226_274385,55,78.224106,58.265163,0.8830531,-0.46927306,1.015493614160298,move the robot from the lowermost vessel to the right side,0.9718534,-0.23558651,1.0261171,-0.022165095,1.0263564586639404,162.60196408256888,115.52815698087215,161.46852797828615
40,13,upper_to_right,Upper → right,episode_20260721_213339_686783,107,78.57296,56.30401,0.99994063,-0.010899535,0.9996014433279078,move the robot from the uppermost vessel to the right side,0.9931526,-0.11682446,1.0486146,0.015484571,1.0487289428710938,162.3574940022081,115.8324449788779,161.3810381386429
41,13,return_to_left,Return → left,episode_20260721_212521_611537,18,78.30148,57.713444,-0.8549295,-0.51874423,0.4662945745424138,Go back to the start from the nearest way,-0.969842,-0.24373455,-0.9837093,-0.38361144,1.0558606386184692,157.3894249740988,115.51907705143094,156.50621918030083
42,13,lower_to_right,Lower → right,episode_20260721_213226_274385,55,78.224106,58.265163,0.8830531,-0.46927306,1.015493614160298,move the robot from the lowermost vessel to the right side,0.9718534,-0.23558651,1.0673598,0.010879831,1.0674152374267578,161.69981705024838,115.3241868596524,160.69460101425648
43,14,upper_to_right,Upper → right,episode_20260721_213339_686783,107,78.57296,56.30401,0.99994063,-0.010899535,0.9996014433279078,move the robot from the uppermost vessel to the right side,0.9931526,-0.11682446,1.1516327,-0.0011590256,1.1516332626342773,161.85322520323098,115.48892501741648,160.78423894941807
44,14,return_to_left,Return → left,episode_20260721_212521_611537,18,78.30148,57.713444,-0.8549295,-0.51874423,0.4662945745424138,Go back to the start from the nearest way,-0.969842,-0.24373455,-1.006924,-0.03941602,1.007695198059082,161.6878139320761,115.45553500764072,160.7262180186808
45,14,lower_to_right,Lower → right,episode_20260721_213226_274385,55,78.224106,58.265163,0.8830531,-0.46927306,1.015493614160298,move the robot from the lowermost vessel to the right side,0.9718534,-0.23558651,1.0597526,-0.024264233,1.0600303411483765,158.53034798055887,116.02130206301808,157.71195199340582
46,15,upper_to_right,Upper → right,episode_20260721_213339_686783,107,78.57296,56.30401,0.99994063,-0.010899535,0.9996014433279078,move the robot from the uppermost vessel to the right side,0.9931526,-0.11682446,-0.009055902,0.018385502,0.02049477957189083,166.45455500110984,115.87711307220161,165.54198903031647
47,15,return_to_left,Return → left,episode_20260721_212521_611537,18,78.30148,57.713444,-0.8549295,-0.51874423,0.4662945745424138,Go back to the start from the nearest way,-0.969842,-0.24373455,-1.0582845,-0.188525,1.0749454498291016,157.07408403977752,115.55080395191908,156.2618869356811
48,15,lower_to_right,Lower → right,episode_20260721_213226_274385,55,78.224106,58.265163,0.8830531,-0.46927306,1.015493614160298,move the robot from the lowermost vessel to the right side,0.9718534,-0.23558651,1.0419279,-0.03393479,1.04248046875,156.6845860797912,115.3360151220113,155.83399892784655
49,16,upper_to_right,Upper → right,episode_20260721_213339_686783,107,78.57296,56.30401,0.99994063,-0.010899535,0.9996014433279078,move the robot from the uppermost vessel to the right side,0.9931526,-0.11682446,-0.009093862,0.009925096,0.013461272232234478,161.3118250388652,115.41528394445777,160.11642012745142
50,16,return_to_left,Return → left,episode_20260721_212521_611537,18,78.30148,57.713444,-0.8549295,-0.51874423,0.4662945745424138,Go back to the start from the nearest way,-0.969842,-0.24373455,-0.9091285,-0.30114302,0.9577064514160156,162.75650798343122,115.36836391314864,161.8168419227004
51,16,lower_to_right,Lower → right,episode_20260721_213226_274385,55,78.224106,58.265163,0.8830531,-0.46927306,1.015493614160298,move the robot from the lowermost vessel to the right side,0.9718534,-0.23558651,1.0379772,0.08460899,1.0414198637008667,159.20612309128046,115.61756301671267,158.4368059411645
52,17,upper_to_right,Upper → right,episode_20260721_213339_686783,107,78.57296,56.30401,0.99994063,-0.010899535,0.9996014433279078,move the robot from the uppermost vessel to the right side,0.9931526,-0.11682446,1.084922,-0.04327293,1.0857845544815063,157.44916000403464,115.46174413524568,156.53728391043842
53,17,return_to_left,Return → left,episode_20260721_212521_611537,18,78.30148,57.713444,-0.8549295,-0.51874423,0.4662945745424138,Go back to the start from the nearest way,-0.969842,-0.24373455,-0.99504805,-0.13388701,1.0040150880813599,161.00844484753907,115.58319302275777,160.15117894858122
54,17,lower_to_right,Lower → right,episode_20260721_213226_274385,55,78.224106,58.265163,0.8830531,-0.46927306,1.015493614160298,move the robot from the lowermost vessel to the right side,0.9718534,-0.23558651,1.0043553,-0.14453682,1.0147022008895874,157.26439002901316,115.50173279829323,156.50272415950894
55,18,upper_to_right,Upper → right,episode_20260721_213339_686783,107,78.57296,56.30401,0.99994063,-0.010899535,0.9996014433279078,move the robot from the uppermost vessel to the right side,0.9931526,-0.11682446,0.9983309,0.06827116,1.0006625652313232,160.9529540874064,115.38420291617513,160.02343804575503
56,18,return_to_left,Return → left,episode_20260721_212521_611537,18,78.30148,57.713444,-0.8549295,-0.51874423,0.4662945745424138,Go back to the start from the nearest way,-0.969842,-0.24373455,-1.048593,-0.063768044,1.050530195236206,157.05062891356647,115.39933201856911,156.18326282128692
57,18,lower_to_right,Lower → right,episode_20260721_213226_274385,55,78.224106,58.265163,0.8830531,-0.46927306,1.015493614160298,move the robot from the lowermost vessel to the right side,0.9718534,-0.23558651,1.01717,0.07750374,1.0201183557510376,160.59355484321713,115.73802004568279,159.65513908304274
58,19,upper_to_right,Upper → right,episode_20260721_213339_686783,107,78.57296,56.30401,0.99994063,-0.010899535,0.9996014433279078,move the robot from the uppermost vessel to the right side,0.9931526,-0.11682446,1.0455568,-0.11277478,1.0516211986541748,162.04937803559005,116.01045983843505,161.17770201526582
59,19,return_to_left,Return → left,episode_20260721_212521_611537,18,78.30148,57.713444,-0.8549295,-0.51874423,0.4662945745424138,Go back to the start from the nearest way,-0.969842,-0.24373455,-1.0269015,-0.092409395,1.0310510396957397,157.60318702086806,115.55267102085054,156.72378102317452
60,19,lower_to_right,Lower → right,episode_20260721_213226_274385,55,78.224106,58.265163,0.8830531,-0.46927306,1.015493614160298,move the robot from the lowermost vessel to the right side,0.9718534,-0.23558651,1.019837,-0.010232504,1.0198882818222046,162.39800699986517,115.52837118506432,161.42741101793945
61,20,upper_to_right,Upper → right,episode_20260721_213339_686783,107,78.57296,56.30401,0.99994063,-0.010899535,0.9996014433279078,move the robot from the uppermost vessel to the right side,0.9931526,-0.11682446,1.0853155,-0.017009122,1.0854487419128418,162.8017839975655,115.5178698245436,161.89139802008867
62,20,return_to_left,Return → left,episode_20260721_212521_611537,18,78.30148,57.713444,-0.8549295,-0.51874423,0.4662945745424138,Go back to the start from the nearest way,-0.969842,-0.24373455,-1.037626,-0.09490125,1.0419567823410034,161.42641892656684,115.98464706912637,160.51642294041812
63,20,lower_to_right,Lower → right,episode_20260721_213226_274385,55,78.224106,58.265163,0.8830531,-0.46927306,1.015493614160298,move the robot from the lowermost vessel to the right side,0.9718534,-0.23558651,0.87257373,0.03696712,0.8733564615249634,163.29399985261261,115.64430897124112,162.3752738814801
64,21,upper_to_right,Upper → right,episode_20260721_213339_686783,107,78.57296,56.30401,0.99994063,-0.010899535,0.9996014433279078,move the robot from the uppermost vessel to the right side,0.9931526,-0.11682446,1.0972519,0.066549934,1.0992681980133057,161.01522091776133,115.80508900806308,160.10012500919402
65,21,return_to_left,Return → left,episode_20260721_212521_611537,18,78.30148,57.713444,-0.8549295,-0.51874423,0.4662945745424138,Go back to the start from the nearest way,-0.969842,-0.24373455,-1.0385408,-0.0652438,1.040588140487671,157.98944304697216,115.4403300024569,157.08036604337394
66,21,lower_to_right,Lower → right,episode_20260721_213226_274385,55,78.224106,58.265163,0.8830531,-0.46927306,1.015493614160298,move the robot from the lowermost vessel to the right side,0.9718534,-0.23558651,0.95476466,-0.22077134,0.9799569249153137,157.83265396021307,115.91436783783138,156.97760717011988
67,22,upper_to_right,Upper → right,episode_20260721_213339_686783,107,78.57296,56.30401,0.99994063,-0.010899535,0.9996014433279078,move the robot from the uppermost vessel to the right side,0.9931526,-0.11682446,1.1281939,0.061499752,1.1298688650131226,157.43831498548388,116.1738270893693,156.53554908931255
68,22,return_to_left,Return → left,episode_20260721_212521_611537,18,78.30148,57.713444,-0.8549295,-0.51874423,0.4662945745424138,Go back to the start from the nearest way,-0.969842,-0.24373455,-0.959014,-0.43232828,1.0519579648971558,162.28379192762077,116.35035509243608,161.35554597713053
69,22,lower_to_right,Lower → right,episode_20260721_213226_274385,55,78.224106,58.265163,0.8830531,-0.46927306,1.015493614160298,move the robot from the lowermost vessel to the right side,0.9718534,-0.23558651,0.928638,0.079697885,0.9320516586303711,161.8363349698484,115.99083594046533,160.89421906508505
70,23,upper_to_right,Upper → right,episode_20260721_213339_686783,107,78.57296,56.30401,0.99994063,-0.010899535,0.9996014433279078,move the robot from the uppermost vessel to the right side,0.9931526,-0.11682446,-0.03431618,-0.0023300836,0.03439519554376602,157.54677285440266,115.56025804020464,156.67475597001612
71,23,return_to_left,Return → left,episode_20260721_212521_611537,18,78.30148,57.713444,-0.8549295,-0.51874423,0.4662945745424138,Go back to the start from the nearest way,-0.969842,-0.24373455,-0.9914294,-0.15682043,1.0037553310394287,161.83548397384584,115.88000715710223,160.86139902472496
72,23,lower_to_right,Lower → right,episode_20260721_213226_274385,55,78.224106,58.265163,0.8830531,-0.46927306,1.015493614160298,move the robot from the lowermost vessel to the right side,0.9718534,-0.23558651,1.0611145,-0.22475022,1.0846551656723022,157.15024410746992,115.86825689300895,156.40377812087536
73,24,upper_to_right,Upper → right,episode_20260721_213339_686783,107,78.57296,56.30401,0.99994063,-0.010899535,0.9996014433279078,move the robot from the uppermost vessel to the right side,0.9931526,-0.11682446,0.9288663,-0.04442989,0.9299283027648926,157.28942397981882,116.02196609601378,156.5108960494399
74,24,return_to_left,Return → left,episode_20260721_212521_611537,18,78.30148,57.713444,-0.8549295,-0.51874423,0.4662945745424138,Go back to the start from the nearest way,-0.969842,-0.24373455,-1.0236975,-0.19990388,1.0430331230163574,157.30351209640503,115.74222589842975,156.48432588204741
75,24,lower_to_right,Lower → right,episode_20260721_213226_274385,55,78.224106,58.265163,0.8830531,-0.46927306,1.015493614160298,move the robot from the lowermost vessel to the right side,0.9718534,-0.23558651,0.9892529,-0.18029633,1.0055487155914307,162.20180108211935,115.83793512545526,161.3087540026754
76,25,upper_to_right,Upper → right,episode_20260721_213339_686783,107,78.57296,56.30401,0.99994063,-0.010899535,0.9996014433279078,move the robot from the uppermost vessel to the right side,0.9931526,-0.11682446,1.0259433,-0.20019579,1.0452932119369507,157.89120900444686,115.86631485261023,157.05523313954473
77,25,return_to_left,Return → left,episode_20260721_212521_611537,18,78.30148,57.713444,-0.8549295,-0.51874423,0.4662945745424138,Go back to the start from the nearest way,-0.969842,-0.24373455,-1.0119567,-0.18616867,1.0289387702941895,160.46671802178025,115.7035359647125,159.5000729430467
78,25,lower_to_right,Lower → right,episode_20260721_213226_274385,55,78.224106,58.265163,0.8830531,-0.46927306,1.015493614160298,move the robot from the lowermost vessel to the right side,0.9718534,-0.23558651,0.952686,0.06598034,0.9549680948257446,163.95533317700028,115.50747603178024,162.82603796571493
79,26,upper_to_right,Upper → right,episode_20260721_213339_686783,107,78.57296,56.30401,0.99994063,-0.010899535,0.9996014433279078,move the robot from the uppermost vessel to the right side,0.9931526,-0.11682446,0.7621263,-0.16921043,0.780684769153595,163.92176295630634,116.0619540605694,162.97139693051577
80,26,return_to_left,Return → left,episode_20260721_212521_611537,18,78.30148,57.713444,-0.8549295,-0.51874423,0.4662945745424138,Go back to the start from the nearest way,-0.969842,-0.24373455,-1.0192757,-0.12025931,1.0263456106185913,161.7680110502988,115.70503492839634,160.8501640148461
81,26,lower_to_right,Lower → right,episode_20260721_213226_274385,55,78.224106,58.265163,0.8830531,-0.46927306,1.015493614160298,move the robot from the lowermost vessel to the right side,0.9718534,-0.23558651,0.93307483,-0.42760995,1.0263912677764893,161.01197293028235,115.84305297583342,160.08192696608603
82,27,upper_to_right,Upper → right,episode_20260721_213339_686783,107,78.57296,56.30401,0.99994063,-0.010899535,0.9996014433279078,move the robot from the uppermost vessel to the right side,0.9931526,-0.11682446,1.0679717,0.14255403,1.0774438381195068,163.34676393307745,116.24964117072523,162.34784806147218
83,27,return_to_left,Return → left,episode_20260721_212521_611537,18,78.30148,57.713444,-0.8549295,-0.51874423,0.4662945745424138,Go back to the start from the nearest way,-0.969842,-0.24373455,-0.8088441,-0.5933896,1.0031648874282837,158.76420307904482,115.66194402985275,157.74269704706967
84,27,lower_to_right,Lower → right,episode_20260721_213226_274385,55,78.224106,58.265163,0.8830531,-0.46927306,1.015493614160298,move the robot from the lowermost vessel to the right side,0.9718534,-0.23558651,0.98441476,-0.026222395,0.9847639203071594,158.05023512803018,116.07985221780837,157.19050914049149
85,28,upper_to_right,Upper → right,episode_20260721_213339_686783,107,78.57296,56.30401,0.99994063,-0.010899535,0.9996014433279078,move the robot from the uppermost vessel to the right side,0.9931526,-0.11682446,1.0498941,0.03214345,1.0503860712051392,164.92299712263048,116.15981184877455,164.02027080766857
86,28,return_to_left,Return → left,episode_20260721_212521_611537,18,78.30148,57.713444,-0.8549295,-0.51874423,0.4662945745424138,Go back to the start from the nearest way,-0.969842,-0.24373455,-1.0274165,-0.1210027,1.0345174074172974,157.3099980596453,115.95333204604685,156.47493093274534
87,28,lower_to_right,Lower → right,episode_20260721_213226_274385,55,78.224106,58.265163,0.8830531,-0.46927306,1.015493614160298,move the robot from the lowermost vessel to the right side,0.9718534,-0.23558651,1.1008623,0.12953722,1.108457326889038,162.2980150859803,116.28646007739007,161.46111907437444
88,29,upper_to_right,Upper → right,episode_20260721_213339_686783,107,78.57296,56.30401,0.99994063,-0.010899535,0.9996014433279078,move the robot from the uppermost vessel to the right side,0.9931526,-0.11682446,1.0660282,-0.04574441,1.0670093297958374,157.48787601478398,115.73956208303571,156.64518903940916
89,29,return_to_left,Return → left,episode_20260721_212521_611537,18,78.30148,57.713444,-0.8549295,-0.51874423,0.4662945745424138,Go back to the start from the nearest way,-0.969842,-0.24373455,-1.0395942,-0.0031428346,1.0395989418029785,162.52177394926548,115.81272119656205,161.52506810612977
90,29,lower_to_right,Lower → right,episode_20260721_213226_274385,55,78.224106,58.265163,0.8830531,-0.46927306,1.015493614160298,move the robot from the lowermost vessel to the right side,0.9718534,-0.23558651,1.0912951,0.029229725,1.091686487197876,159.89021607674658,115.96024106256664,158.87983003631234
91,30,upper_to_right,Upper → right,episode_20260721_213339_686783,107,78.57296,56.30401,0.99994063,-0.010899535,0.9996014433279078,move the robot from the uppermost vessel to the right side,0.9931526,-0.11682446,1.0214295,0.1789932,1.0369940996170044,161.5735781379044,115.74771092273295,160.61295219697058
92,30,return_to_left,Return → left,episode_20260721_212521_611537,18,78.30148,57.713444,-0.8549295,-0.51874423,0.4662945745424138,Go back to the start from the nearest way,-0.969842,-0.24373455,-1.0540006,-0.09099636,1.0579214096069336,162.8757028374821,116.12032097764313,161.94743709638715
93,30,lower_to_right,Lower → right,episode_20260721_213226_274385,55,78.224106,58.265163,0.8830531,-0.46927306,1.015493614160298,move the robot from the lowermost vessel to the right side,0.9718534,-0.23558651,0.7565671,-0.6066938,0.9697789549827576,160.25446192361414,116.53732717968524,159.44992494769394
94,31,upper_to_right,Upper → right,episode_20260721_213339_686783,107,78.57296,56.30401,0.99994063,-0.010899535,0.9996014433279078,move the robot from the uppermost vessel to the right side,0.9931526,-0.11682446,1.0771419,0.12291923,1.0841327905654907,160.59830016456544,116.40373710542917,159.76032288745046
95,31,return_to_left,Return → left,episode_20260721_212521_611537,18,78.30148,57.713444,-0.8549295,-0.51874423,0.4662945745424138,Go back to the start from the nearest way,-0.969842,-0.24373455,-0.974816,-0.23957533,1.00382399559021,163.4944670367986,116.664235945791,162.55171201191843
96,31,lower_to_right,Lower → right,episode_20260721_213226_274385,55,78.224106,58.265163,0.8830531,-0.46927306,1.015493614160298,move the robot from the lowermost vessel to the right side,0.9718534,-0.23558651,1.024746,0.11668816,1.0313681364059448,157.45104406960309,115.94460904598236,156.5580170135945
97,32,upper_to_right,Upper → right,episode_20260721_213339_686783,107,78.57296,56.30401,0.99994063,-0.010899535,0.9996014433279078,move the robot from the uppermost vessel to the right side,0.9931526,-0.11682446,1.0881454,-0.12403892,1.0951921939849854,163.49101811647415,115.94552919268608,162.52913209609687
98,32,return_to_left,Return → left,episode_20260721_212521_611537,18,78.30148,57.713444,-0.8549295,-0.51874423,0.4662945745424138,Go back to the start from the nearest way,-0.969842,-0.24373455,-1.0208198,-0.26031923,1.0534889698028564,162.62282198294997,116.26211716793478,161.65243601426482
99,32,lower_to_right,Lower → right,episode_20260721_213226_274385,55,78.224106,58.265163,0.8830531,-0.46927306,1.015493614160298,move the robot from the lowermost vessel to the right side,0.9718534,-0.23558651,0.92286485,-0.2148798,0.9475510120391846,162.50695008784533,116.2400459870696,161.610514158383
100,33,upper_to_right,Upper → right,episode_20260721_213339_686783,107,78.57296,56.30401,0.99994063,-0.010899535,0.9996014433279078,move the robot from the uppermost vessel to the right side,0.9931526,-0.11682446,-0.0066205678,0.004850155,0.008207065984606743,157.52040082588792,116.11803714185953,156.75720386207104
101,33,return_to_left,Return → left,episode_20260721_212521_611537,18,78.30148,57.713444,-0.8549295,-0.51874423,0.4662945745424138,Go back to the start from the nearest way,-0.969842,-0.24373455,-1.0140517,-0.06756531,1.016300082206726,158.19845721125603,116.09190702438354,157.3910010047257
102,33,lower_to_right,Lower → right,episode_20260721_213226_274385,55,78.224106,58.265163,0.8830531,-0.46927306,1.015493614160298,move the robot from the lowermost vessel to the right side,0.9718534,-0.23558651,0.9967214,-0.045805186,0.9977733492851257,161.30233509466052,116.18175683543086,160.39169789291918
103,34,upper_to_right,Upper → right,episode_20260721_213339_686783,107,78.57296,56.30401,0.99994063,-0.010899535,0.9996014433279078,move the robot from the uppermost vessel to the right side,0.9931526,-0.11682446,1.0519441,0.06866021,1.054182529449463,159.81321106664836,115.85796787403524,158.96209399215877
104,34,return_to_left,Return → left,episode_20260721_212521_611537,18,78.30148,57.713444,-0.8549295,-0.51874423,0.4662945745424138,Go back to the start from the nearest way,-0.969842,-0.24373455,-1.0331802,-0.3556032,1.092664122581482,160.88006598874927,116.17936589755118,159.99165014363825
105,34,lower_to_right,Lower → right,episode_20260721_213226_274385,55,78.224106,58.265163,0.8830531,-0.46927306,1.015493614160298,move the robot from the lowermost vessel to the right side,0.9718534,-0.23558651,0.99701196,0.061487786,0.9989061951637268,161.4461629651487,116.19378603063524,160.56921612471342
106,35,upper_to_right,Upper → right,episode_20260721_213339_686783,107,78.57296,56.30401,0.99994063,-0.010899535,0.9996014433279078,move the robot from the uppermost vessel to the right side,0.9931526,-0.11682446,1.0674354,-0.06340032,1.0693165063858032,157.65281720086932,116.01332505233586,156.78842086344957
107,35,return_to_left,Return → left,episode_20260721_212521_611537,18,78.30148,57.713444,-0.8549295,-0.51874423,0.4662945745424138,Go back to the start from the nearest way,-0.969842,-0.24373455,-0.98691607,0.0679533,0.9892527461051941,159.49621004983783,116.47104378789663,158.6920339614153
108,35,lower_to_right,Lower → right,episode_20260721_213226_274385,55,78.224106,58.265163,0.8830531,-0.46927306,1.015493614160298,move the robot from the lowermost vessel to the right side,0.9718534,-0.23558651,0.8656425,-0.38497442,0.9473870396614075,161.64428181946278,116.3835939951241,160.7100151013583
109,36,upper_to_right,Upper → right,episode_20260721_213339_686783,107,78.57296,56.30401,0.99994063,-0.010899535,0.9996014433279078,move the robot from the uppermost vessel to the right side,0.9931526,-0.11682446,0.86164534,-0.44718492,0.9707765579223633,160.96202400512993,115.97583605907857,160.06393707357347
110,36,return_to_left,Return → left,episode_20260721_212521_611537,18,78.30148,57.713444,-0.8549295,-0.51874423,0.4662945745424138,Go back to the start from the nearest way,-0.969842,-0.24373455,-1.0412571,0.018256728,1.0414172410964966,157.52673894166946,116.01941497065127,156.7603920120746
111,36,lower_to_right,Lower → right,episode_20260721_213226_274385,55,78.224106,58.265163,0.8830531,-0.46927306,1.015493614160298,move the robot from the lowermost vessel to the right side,0.9718534,-0.23558651,0.98797524,0.14837947,0.9990553259849548,157.98509516753256,116.04907503351569,157.10945893079042
112,37,upper_to_right,Upper → right,episode_20260721_213339_686783,107,78.57296,56.30401,0.99994063,-0.010899535,0.9996014433279078,move the robot from the uppermost vessel to the right side,0.9931526,-0.11682446,1.0066673,0.12556937,1.0144686698913574,160.6237730011344,115.87426485493779,159.7002069465816
113,37,return_to_left,Return → left,episode_20260721_212521_611537,18,78.30148,57.713444,-0.8549295,-0.51874423,0.4662945745424138,Go back to the start from the nearest way,-0.969842,-0.24373455,-1.0432976,-0.20332038,1.062924861907959,162.687354022637,116.13714299164712,161.8051379919052
114,37,lower_to_right,Lower → right,episode_20260721_213226_274385,55,78.224106,58.265163,0.8830531,-0.46927306,1.015493614160298,move the robot from the lowermost vessel to the right side,0.9718534,-0.23558651,1.0666764,-0.062755324,1.0685207843780518,161.26542002893984,115.8857240807265,160.39030393585563
115,38,upper_to_right,Upper → right,episode_20260721_213339_686783,107,78.57296,56.30401,0.99994063,-0.010899535,0.9996014433279078,move the robot from the uppermost vessel to the right side,0.9931526,-0.11682446,1.0278293,0.07080614,1.0302653312683105,162.10961597971618,116.19773204438388,161.23969992622733
116,38,return_to_left,Return → left,episode_20260721_212521_611537,18,78.30148,57.713444,-0.8549295,-0.51874423,0.4662945745424138,Go back to the start from the nearest way,-0.969842,-0.24373455,-1.1262593,-0.12647326,1.133338212966919,158.24608295224607,116.26946204341948,157.3510968592018
117,38,lower_to_right,Lower → right,episode_20260721_213226_274385,55,78.224106,58.265163,0.8830531,-0.46927306,1.015493614160298,move the robot from the lowermost vessel to the right side,0.9718534,-0.23558651,1.047659,-0.01011842,1.0477079153060913,158.1859819125384,116.24925304204226,157.25483582355082
118,39,upper_to_right,Upper → right,episode_20260721_213339_686783,107,78.57296,56.30401,0.99994063,-0.010899535,0.9996014433279078,move the robot from the uppermost vessel to the right side,0.9931526,-0.11682446,1.0603004,0.07224221,1.0627585649490356,160.23414302617311,115.96374190412462,159.37649691477418
119,39,return_to_left,Return → left,episode_20260721_212521_611537,18,78.30148,57.713444,-0.8549295,-0.51874423,0.4662945745424138,Go back to the start from the nearest way,-0.969842,-0.24373455,-1.0643941,9.781686e-06,1.0643941164016724,157.25487493909895,116.18232191540301,156.3818990252912
120,39,lower_to_right,Lower → right,episode_20260721_213226_274385,55,78.224106,58.265163,0.8830531,-0.46927306,1.015493614160298,move the robot from the lowermost vessel to the right side,0.9718534,-0.23558651,1.0834986,0.037358303,1.0841424465179443,158.33866014145315,116.04838189668953,157.43774408474565
121,40,upper_to_right,Upper → right,episode_20260721_213339_686783,107,78.57296,56.30401,0.99994063,-0.010899535,0.9996014433279078,move the robot from the uppermost vessel to the right side,0.9931526,-0.11682446,1.099561,0.009422554,1.0996013879776,161.81354504078627,116.25013104639947,160.92199902050197
122,40,return_to_left,Return → left,episode_20260721_212521_611537,18,78.30148,57.713444,-0.8549295,-0.51874423,0.4662945745424138,Go back to the start from the nearest way,-0.969842,-0.24373455,-1.0988824,0.010190228,1.0989296436309814,161.10721905715764,116.20401102118194,160.31924192793667
123,40,lower_to_right,Lower → right,episode_20260721_213226_274385,55,78.224106,58.265163,0.8830531,-0.46927306,1.015493614160298,move the robot from the lowermost vessel to the right side,0.9718534,-0.23558651,-0.012685098,0.0011823799,0.012740083038806915,162.1763228904456,116.09578202478588,161.28408699296415
124,41,upper_to_right,Upper → right,episode_20260721_213339_686783,107,78.57296,56.30401,0.99994063,-0.010899535,0.9996014433279078,move the robot from the uppermost vessel to the right side,0.9931526,-0.11682446,1.0139954,-0.105422884,1.019460916519165,157.9510800074786,116.24561995267868,157.05588413402438
125,41,return_to_left,Return → left,episode_20260721_212521_611537,18,78.30148,57.713444,-0.8549295,-0.51874423,0.4662945745424138,Go back to the start from the nearest way,-0.969842,-0.24373455,-1.0277532,-0.21741608,1.050498127937317,162.43048012256622,115.89374113827944,161.4476339891553
126,41,lower_to_right,Lower → right,episode_20260721_213226_274385,55,78.224106,58.265163,0.8830531,-0.46927306,1.015493614160298,move the robot from the lowermost vessel to the right side,0.9718534,-0.23558651,1.0291364,0.06599313,1.0312501192092896,162.1370818465948,116.26892001368105,161.2089949194342
127,42,upper_to_right,Upper → right,episode_20260721_213339_686783,107,78.57296,56.30401,0.99994063,-0.010899535,0.9996014433279078,move the robot from the uppermost vessel to the right side,0.9931526,-0.11682446,0.98386353,0.12753582,0.9920951724052429,162.21480094827712,116.01862101815641,161.2812550738454
128,42,return_to_left,Return → left,episode_20260721_212521_611537,18,78.30148,57.713444,-0.8549295,-0.51874423,0.4662945745424138,Go back to the start from the nearest way,-0.969842,-0.24373455,-1.0082483,-0.26522553,1.0425493717193604,162.4509699176997,116.0346600227058,161.5825539920479
129,42,lower_to_right,Lower → right,episode_20260721_213226_274385,55,78.224106,58.265163,0.8830531,-0.46927306,1.015493614160298,move the robot from the lowermost vessel to the right side,0.9718534,-0.23558651,1.0253154,-0.13329561,1.0339435338974,157.46259200386703,116.34930898435414,156.66822507046163
130,43,upper_to_right,Upper → right,episode_20260721_213339_686783,107,78.57296,56.30401,0.99994063,-0.010899535,0.9996014433279078,move the robot from the uppermost vessel to the right side,0.9931526,-0.11682446,-0.03887089,0.012037383,0.04069207236170769,157.97580778598785,116.17654818110168,157.05505199730396
131,43,return_to_left,Return → left,episode_20260721_212521_611537,18,78.30148,57.713444,-0.8549295,-0.51874423,0.4662945745424138,Go back to the start from the nearest way,-0.969842,-0.24373455,-1.0200189,-0.067856975,1.0222735404968262,161.82104987092316,116.10235809348524,160.9245038125664
132,43,lower_to_right,Lower → right,episode_20260721_213226_274385,55,78.224106,58.265163,0.8830531,-0.46927306,1.015493614160298,move the robot from the lowermost vessel to the right side,0.9718534,-0.23558651,1.0104969,-0.024249662,1.0107877254486084,158.72765285894275,116.61947588436306,157.87448710761964
133,44,upper_to_right,Upper → right,episode_20260721_213339_686783,107,78.57296,56.30401,0.99994063,-0.010899535,0.9996014433279078,move the robot from the uppermost vessel to the right side,0.9931526,-0.11682446,1.0720298,0.007670646,1.0720573663711548,158.33172597922385,116.66099587455392,157.4953889939934
134,44,return_to_left,Return → left,episode_20260721_212521_611537,18,78.30148,57.713444,-0.8549295,-0.51874423,0.4662945745424138,Go back to the start from the nearest way,-0.969842,-0.24373455,-0.9590207,-0.10669263,0.9649372696876526,157.9143567942083,116.04340793564916,157.0692709647119
135,44,lower_to_right,Lower → right,episode_20260721_213226_274385,55,78.224106,58.265163,0.8830531,-0.46927306,1.015493614160298,move the robot from the lowermost vessel to the right side,0.9718534,-0.23558651,1.0285527,0.0738779,1.0312024354934692,162.64872811734676,116.12212797626853,161.75080090761185
136,45,upper_to_right,Upper → right,episode_20260721_213339_686783,107,78.57296,56.30401,0.99994063,-0.010899535,0.9996014433279078,move the robot from the uppermost vessel to the right side,0.9931526,-0.11682446,1.031513,0.16934739,1.0453217029571533,160.96736211329699,116.22141604311764,160.07812693715096
137,45,return_to_left,Return → left,episode_20260721_212521_611537,18,78.30148,57.713444,-0.8549295,-0.51874423,0.4662945745424138,Go back to the start from the nearest way,-0.969842,-0.24373455,-1.0180362,0.01236791,1.0181113481521606,157.40437689237297,116.2570659071207,156.60407091490924
138,45,lower_to_right,Lower → right,episode_20260721_213226_274385,55,78.224106,58.265163,0.8830531,-0.46927306,1.015493614160298,move the robot from the lowermost vessel to the right side,0.9718534,-0.23558651,1.0567913,-0.093229726,1.0608956813812256,162.00639819726348,116.25406588427722,161.14021185785532
139,46,upper_to_right,Upper → right,episode_20260721_213339_686783,107,78.57296,56.30401,0.99994063,-0.010899535,0.9996014433279078,move the robot from the uppermost vessel to the right side,0.9931526,-0.11682446,1.0515229,0.03254494,1.052026391029358,162.82967408187687,116.07174691744149,161.87971807084978
140,46,return_to_left,Return → left,episode_20260721_212521_611537,18,78.30148,57.713444,-0.8549295,-0.51874423,0.4662945745424138,Go back to the start from the nearest way,-0.969842,-0.24373455,-1.0139585,-0.3518535,1.0732718706130981,161.79041797295213,116.41256487928331,160.83543305285275
141,46,lower_to_right,Lower → right,episode_20260721_213226_274385,55,78.224106,58.265163,0.8830531,-0.46927306,1.015493614160298,move the robot from the lowermost vessel to the right side,0.9718534,-0.23558651,0.933979,-0.38351938,1.009655237197876,164.71942607313395,116.05569790117443,163.83295902051032
142,47,upper_to_right,Upper → right,episode_20260721_213339_686783,107,78.57296,56.30401,0.99994063,-0.010899535,0.9996014433279078,move the robot from the uppermost vessel to the right side,0.9931526,-0.11682446,0.9211605,-0.003865076,0.9211686253547668,161.97741613723338,116.01120699197054,161.01324115879834
143,47,return_to_left,Return → left,episode_20260721_212521_611537,18,78.30148,57.713444,-0.8549295,-0.51874423,0.4662945745424138,Go back to the start from the nearest way,-0.969842,-0.24373455,-1.0264039,0.034980882,1.026999831199646,161.0441200900823,116.02821503765881,160.1225039921701
144,47,lower_to_right,Lower → right,episode_20260721_213226_274385,55,78.224106,58.265163,0.8830531,-0.46927306,1.015493614160298,move the robot from the lowermost vessel to the right side,0.9718534,-0.23558651,1.0236156,-0.17342943,1.0382035970687866,157.72299305535853,116.10335484147072,156.86079720035195
145,48,upper_to_right,Upper → right,episode_20260721_213339_686783,107,78.57296,56.30401,0.99994063,-0.010899535,0.9996014433279078,move the robot from the uppermost vessel to the right side,0.9931526,-0.11682446,1.0808437,0.006471511,1.0808629989624023,161.9995259679854,116.28537392243743,161.01815016008914
146,48,return_to_left,Return → left,episode_20260721_212521_611537,18,78.30148,57.713444,-0.8549295,-0.51874423,0.4662945745424138,Go back to the start from the nearest way,-0.969842,-0.24373455,-0.9739509,-0.035229057,0.9745878577232361,162.77827182784677,116.54024315066636,161.89595498144627
147,48,lower_to_right,Lower → right,episode_20260721_213226_274385,55,78.224106,58.265163,0.8830531,-0.46927306,1.015493614160298,move the robot from the lowermost vessel to the right side,0.9718534,-0.23558651,0.9366818,-0.32814735,0.9924985766410828,157.83780300989747,116.10035505145788,156.96369716897607
148,49,upper_to_right,Upper → right,episode_20260721_213339_686783,107,78.57296,56.30401,0.99994063,-0.010899535,0.9996014433279078,move the robot from the uppermost vessel to the right side,0.9931526,-0.11682446,0.89304924,-0.035839226,0.8937680721282959,161.8865649215877,116.29682406783104,160.9442299231887
149,49,return_to_left,Return → left,episode_20260721_212521_611537,18,78.30148,57.713444,-0.8549295,-0.51874423,0.4662945745424138,Go back to the start from the nearest way,-0.969842,-0.24373455,-1.0461997,-0.07671846,1.049008846282959,162.72764885798097,116.34870292618871,161.80236381478608
150,49,lower_to_right,Lower → right,episode_20260721_213226_274385,55,78.224106,58.265163,0.8830531,-0.46927306,1.015493614160298,move the robot from the lowermost vessel to the right side,0.9718534,-0.23558651,0.97991395,-0.3046915,1.0261911153793335,158.5463979281485,116.63624993525445,157.69864106550813
151,50,upper_to_right,Upper → right,episode_20260721_213339_686783,107,78.57296,56.30401,0.99994063,-0.010899535,0.9996014433279078,move the robot from the uppermost vessel to the right side,0.9931526,-0.11682446,1.0793833,0.10505506,1.0844836235046387,162.89361892268062,116.84343894012272,162.0011031627655
152,50,return_to_left,Return → left,episode_20260721_212521_611537,18,78.30148,57.713444,-0.8549295,-0.51874423,0.4662945745424138,Go back to the start from the nearest way,-0.969842,-0.24373455,-1.05107,-0.10365451,1.0561686754226685,162.58435091003776,116.16042302921414,161.6553240455687
153,50,lower_to_right,Lower → right,episode_20260721_213226_274385,55,78.224106,58.265163,0.8830531,-0.46927306,1.015493614160298,move the robot from the lowermost vessel to the right side,0.9718534,-0.23558651,0.9632511,-0.28164893,1.0035829544067383,161.23950597830117,116.8838799931109,160.41490901261568
154,51,upper_to_right,Upper → right,episode_20260721_213339_686783,107,78.57296,56.30401,0.99994063,-0.010899535,0.9996014433279078,move the robot from the uppermost vessel to the right side,0.9931526,-0.11682446,-0.0052876202,0.008819788,0.010283363983035088,162.41669096052647,116.28823191858828,161.47865587845445
155,51,return_to_left,Return → left,episode_20260721_212521_611537,18,78.30148,57.713444,-0.8549295,-0.51874423,0.4662945745424138,Go back to the start from the nearest way,-0.969842,-0.24373455,-0.96964073,-0.34404746,1.0288691520690918,163.14488486386836,116.40945100225508,162.27599908597767
156,51,lower_to_right,Lower → right,episode_20260721_213226_274385,55,78.224106,58.265163,0.8830531,-0.46927306,1.015493614160298,move the robot from the lowermost vessel to the right side,0.9718534,-0.23558651,1.0024072,0.09656207,1.007047414779663,160.3837781585753,116.63021915592253,159.53419101424515
157,52,upper_to_right,Upper → right,episode_20260721_213339_686783,107,78.57296,56.30401,0.99994063,-0.010899535,0.9996014433279078,move the robot from the uppermost vessel to the right side,0.9931526,-0.11682446,0.9758202,-0.25503933,1.0085980892181396,158.4406360052526,116.62620794959366,157.59367984719574
158,52,return_to_left,Return → left,episode_20260721_212521_611537,18,78.30148,57.713444,-0.8549295,-0.51874423,0.4662945745424138,Go back to the start from the nearest way,-0.969842,-0.24373455,-0.9768199,-0.1356683,0.9861962199211121,164.34522019699216,116.7273879982531,163.379963953048
159,52,lower_to_right,Lower → right,episode_20260721_213226_274385,55,78.224106,58.265163,0.8830531,-0.46927306,1.015493614160298,move the robot from the lowermost vessel to the right side,0.9718534,-0.23558651,1.0360243,0.044771094,1.0369912385940552,162.74285688996315,116.63311906158924,161.74582205712795
160,53,upper_to_right,Upper → right,episode_20260721_213339_686783,107,78.57296,56.30401,0.99994063,-0.010899535,0.9996014433279078,move the robot from the uppermost vessel to the right side,0.9931526,-0.11682446,1.0295881,0.16286066,1.042389154434204,158.32920698449016,117.02250712551177,157.439140137285
161,53,return_to_left,Return → left,episode_20260721_212521_611537,18,78.30148,57.713444,-0.8549295,-0.51874423,0.4662945745424138,Go back to the start from the nearest way,-0.969842,-0.24373455,-1.0266385,-0.25412202,1.0576221942901611,162.2943279799074,117.17470502480865,161.42462217248976
162,53,lower_to_right,Lower → right,episode_20260721_213226_274385,55,78.224106,58.265163,0.8830531,-0.46927306,1.015493614160298,move the robot from the lowermost vessel to the right side,0.9718534,-0.23558651,1.0282357,-0.15587398,1.0399832725524902,157.90130593813956,116.75916705280542,157.07867010496557
163,54,upper_to_right,Upper → right,episode_20260721_213339_686783,107,78.57296,56.30401,0.99994063,-0.010899535,0.9996014433279078,move the robot from the uppermost vessel to the right side,0.9931526,-0.11682446,1.0400038,0.1011674,1.0449126958847046,158.69807312265038,116.95913597941399,157.88890491239727
164,54,return_to_left,Return → left,episode_20260721_212521_611537,18,78.30148,57.713444,-0.8549295,-0.51874423,0.4662945745424138,Go back to the start from the nearest way,-0.969842,-0.24373455,-0.985446,-0.3065279,1.0320188999176025,163.56598096899688,117.12687509134412,162.65356494113803
165,54,lower_to_right,Lower → right,episode_20260721_213226_274385,55,78.224106,58.265163,0.8830531,-0.46927306,1.015493614160298,move the robot from the lowermost vessel to the right side,0.9718534,-0.23558651,0.99631584,-0.2967883,1.0395809412002563,163.69219101034105,116.9297460000962,162.8098739311099
166,55,upper_to_right,Upper → right,episode_20260721_213339_686783,107,78.57296,56.30401,0.99994063,-0.010899535,0.9996014433279078,move the robot from the uppermost vessel to the right side,0.9931526,-0.11682446,-0.017190827,-0.0022832886,0.017341798171401024,162.88775391876698,116.44839798100293,162.03651716932654
167,55,return_to_left,Return → left,episode_20260721_212521_611537,18,78.30148,57.713444,-0.8549295,-0.51874423,0.4662945745424138,Go back to the start from the nearest way,-0.969842,-0.24373455,-1.1028537,-0.0129229175,1.1029293537139893,158.39438210241497,116.79598689079285,157.57738589309156
168,55,lower_to_right,Lower → right,episode_20260721_213226_274385,55,78.224106,58.265163,0.8830531,-0.46927306,1.015493614160298,move the robot from the lowermost vessel to the right side,0.9718534,-0.23558651,1.074921,0.108551644,1.0803881883621216,159.05775898136199,117.26791295222938,158.26614294201136
169,56,upper_to_right,Upper → right,episode_20260721_213339_686783,107,78.57296,56.30401,0.99994063,-0.010899535,0.9996014433279078,move the robot from the uppermost vessel to the right side,0.9931526,-0.11682446,1.0757333,0.0022938484,1.0757356882095337,159.89580401219428,116.99848296120763,158.99697900749743
170,56,return_to_left,Return → left,episode_20260721_212521_611537,18,78.30148,57.713444,-0.8549295,-0.51874423,0.4662945745424138,Go back to the start from the nearest way,-0.969842,-0.24373455,-1.0359861,0.05429902,1.0374081134796143,163.84607693180442,116.7826249729842,162.86038188263774
171,56,lower_to_right,Lower → right,episode_20260721_213226_274385,55,78.224106,58.265163,0.8830531,-0.46927306,1.015493614160298,move the robot from the lowermost vessel to the right side,0.9718534,-0.23558651,0.9895947,-0.10633533,0.9952913522720337,158.9502589777112,116.86588381417096,158.1192931625992
172,57,upper_to_right,Upper → right,episode_20260721_213339_686783,107,78.57296,56.30401,0.99994063,-0.010899535,0.9996014433279078,move the robot from the uppermost vessel to the right side,0.9931526,-0.11682446,1.0676081,-0.0125387255,1.0676817893981934,160.60400195419788,116.76196497865021,159.7384661436081
173,57,return_to_left,Return → left,episode_20260721_212521_611537,18,78.30148,57.713444,-0.8549295,-0.51874423,0.4662945745424138,Go back to the start from the nearest way,-0.969842,-0.24373455,-1.0473921,0.039443225,1.0481345653533936,162.62180195190012,116.42575613223016,161.72140603885055
174,57,lower_to_right,Lower → right,episode_20260721_213226_274385,55,78.224106,58.265163,0.8830531,-0.46927306,1.015493614160298,move the robot from the lowermost vessel to the right side,0.9718534,-0.23558651,0.90250665,-0.026654033,0.9029001593589783,157.4494841042906,116.50883383117616,156.704296823591
175,58,upper_to_right,Upper → right,episode_20260721_213339_686783,107,78.57296,56.30401,0.99994063,-0.010899535,0.9996014433279078,move the robot from the uppermost vessel to the right side,0.9931526,-0.11682446,1.0492258,0.117810056,1.0558191537857056,158.08502002619207,116.51008506305516,157.2940938640386
176,58,return_to_left,Return → left,episode_20260721_212521_611537,18,78.30148,57.713444,-0.8549295,-0.51874423,0.4662945745424138,Go back to the start from the nearest way,-0.969842,-0.24373455,-1.0520989,-0.0750817,1.054774522781372,157.6614819932729,116.57410394400358,156.8960058502853
177,58,lower_to_right,Lower → right,episode_20260721_213226_274385,55,78.224106,58.265163,0.8830531,-0.46927306,1.015493614160298,move the robot from the lowermost vessel to the right side,0.9718534,-0.23558651,0.9845528,-0.23936972,1.0132334232330322,162.7985700033605,116.77419301122427,162.00813394971192
178,59,upper_to_right,Upper → right,episode_20260721_213339_686783,107,78.57296,56.30401,0.99994063,-0.010899535,0.9996014433279078,move the robot from the uppermost vessel to the right side,0.9931526,-0.11682446,1.1054245,-0.12974726,1.1130129098892212,163.07471902109683,116.56526406295598,162.26110188290477
179,59,return_to_left,Return → left,episode_20260721_212521_611537,18,78.30148,57.713444,-0.8549295,-0.51874423,0.4662945745424138,Go back to the start from the nearest way,-0.969842,-0.24373455,-1.0008811,0.039729323,1.0016692876815796,158.06456096470356,116.74381303600967,157.2664740961045
180,59,lower_to_right,Lower → right,episode_20260721_213226_274385,55,78.224106,58.265163,0.8830531,-0.46927306,1.015493614160298,move the robot from the lowermost vessel to the right side,0.9718534,-0.23558651,1.0006258,-0.2120673,1.0228512287139893,159.01884390041232,116.39954405836761,158.37059798650444
181,60,upper_to_right,Upper → right,episode_20260721_213339_686783,107,78.57296,56.30401,0.99994063,-0.010899535,0.9996014433279078,move the robot from the uppermost vessel to the right side,0.9931526,-0.11682446,0.9010984,-0.24439123,0.9336516261100769,157.955558039248,116.43943283706903,157.02189318835735
182,60,return_to_left,Return → left,episode_20260721_212521_611537,18,78.30148,57.713444,-0.8549295,-0.51874423,0.4662945745424138,Go back to the start from the nearest way,-0.969842,-0.24373455,-1.0651145,0.005127845,1.065126895904541,158.74178614467382,116.93790112622082,157.97316888347268
183,60,lower_to_right,Lower → right,episode_20260721_213226_274385,55,78.224106,58.265163,0.8830531,-0.46927306,1.015493614160298,move the robot from the lowermost vessel to the right side,0.9718534,-0.23558651,0.97534394,-0.31925714,1.0262655019760132,158.65333611145616,116.82361201383173,157.80833014287055
184,61,upper_to_right,Upper → right,episode_20260721_213339_686783,107,78.57296,56.30401,0.99994063,-0.010899535,0.9996014433279078,move the robot from the uppermost vessel to the right side,0.9931526,-0.11682446,1.0582432,0.06747742,1.0603922605514526,160.596587928012,116.9267010409385,159.6885418985039
185,61,return_to_left,Return → left,episode_20260721_212521_611537,18,78.30148,57.713444,-0.8549295,-0.51874423,0.4662945745424138,Go back to the start from the nearest way,-0.969842,-0.24373455,-1.0627717,-0.14689043,1.0728747844696045,157.98040898516774,116.76498199813068,157.13029215112329
186,61,lower_to_right,Lower → right,episode_20260721_213226_274385,55,78.224106,58.265163,0.8830531,-0.46927306,1.015493614160298,move the robot from the lowermost vessel to the right side,0.9718534,-0.23558651,1.0000542,-0.13961068,1.0097522735595703,157.96805801801383,116.79323995485902,157.20643987879157
187,62,upper_to_right,Upper → right,episode_20260721_213339_686783,107,78.57296,56.30401,0.99994063,-0.010899535,0.9996014433279078,move the robot from the uppermost vessel to the right side,0.9931526,-0.11682446,1.0792297,-0.0124722645,1.0793017148971558,158.37402385659516,116.99773883447051,157.53902797587216
188,62,return_to_left,Return → left,episode_20260721_212521_611537,18,78.30148,57.713444,-0.8549295,-0.51874423,0.4662945745424138,Go back to the start from the nearest way,-0.969842,-0.24373455,-1.0009537,-0.24102502,1.0295636653900146,158.5521239321679,117.01739882119,157.73910796269774
189,62,lower_to_right,Lower → right,episode_20260721_213226_274385,55,78.224106,58.265163,0.8830531,-0.46927306,1.015493614160298,move the robot from the lowermost vessel to the right side,0.9718534,-0.23558651,1.0549794,0.052520335,1.0562859773635864,161.9438191410154,117.12318891659379,161.09854192472994
190,63,upper_to_right,Upper → right,episode_20260721_213339_686783,107,78.57296,56.30401,0.99994063,-0.010899535,0.9996014433279078,move the robot from the uppermost vessel to the right side,0.9931526,-0.11682446,1.1141038,0.02928813,1.1144887208938599,159.0988610405475,117.2720578033477,158.26739510521293
191,63,return_to_left,Return → left,episode_20260721_212521_611537,18,78.30148,57.713444,-0.8549295,-0.51874423,0.4662945745424138,Go back to the start from the nearest way,-0.969842,-0.24373455,-1.0040209,-0.13722058,1.0133545398712158,162.9348450805992,116.83649010956287,162.08099899813533
192,63,lower_to_right,Lower → right,episode_20260721_213226_274385,55,78.224106,58.265163,0.8830531,-0.46927306,1.015493614160298,move the robot from the lowermost vessel to the right side,0.9718534,-0.23558651,0.9861024,-0.13901253,0.9958525896072388,157.88731607608497,116.84671882539988,157.13998884893954
193,64,upper_to_right,Upper → right,episode_20260721_213339_686783,107,78.57296,56.30401,0.99994063,-0.010899535,0.9996014433279078,move the robot from the uppermost vessel to the right side,0.9931526,-0.11682446,1.0927125,-0.14113282,1.1017889976501465,159.15122907608747,117.13631614111364,158.28464296646416
194,64,return_to_left,Return → left,episode_20260721_212521_611537,18,78.30148,57.713444,-0.8549295,-0.51874423,0.4662945745424138,Go back to the start from the nearest way,-0.969842,-0.24373455,-1.0898134,-0.07931848,1.092695951461792,163.41679985634983,117.02154809609056,162.46355418115854
195,64,lower_to_right,Lower → right,episode_20260721_213226_274385,55,78.224106,58.265163,0.8830531,-0.46927306,1.015493614160298,move the robot from the lowermost vessel to the right side,0.9718534,-0.23558651,1.0288304,-0.13915144,1.0381981134414673,163.4905389510095,117.04434803687036,162.62254281900823
196,65,upper_to_right,Upper → right,episode_20260721_213339_686783,107,78.57296,56.30401,0.99994063,-0.010899535,0.9996014433279078,move the robot from the uppermost vessel to the right side,0.9931526,-0.11682446,1.0240811,-0.062953815,1.0260143280029297,158.37380290031433,116.55981792137027,157.5658970978111
197,65,return_to_left,Return → left,episode_20260721_212521_611537,18,78.30148,57.713444,-0.8549295,-0.51874423,0.4662945745424138,Go back to the start from the nearest way,-0.969842,-0.24373455,-0.96851224,-0.028013574,0.9689172506332397,161.70200798660517,116.73998879268765,160.80792201682925
198,65,lower_to_right,Lower → right,episode_20260721_213226_274385,55,78.224106,58.265163,0.8830531,-0.46927306,1.015493614160298,move the robot from the lowermost vessel to the right side,0.9718534,-0.23558651,0.91611695,0.47184753,1.0304903984069824,161.0225101467222,116.84337677434087,160.207143984735
199,66,upper_to_right,Upper → right,episode_20260721_213339_686783,107,78.57296,56.30401,0.99994063,-0.010899535,0.9996014433279078,move the robot from the uppermost vessel to the right side,0.9931526,-0.11682446,1.07299,-0.068452455,1.0751712322235107,157.8130521811545,116.5426371153444,156.99053602293134
200,66,return_to_left,Return → left,episode_20260721_212521_611537,18,78.30148,57.713444,-0.8549295,-0.51874423,0.4662945745424138,Go back to the start from the nearest way,-0.969842,-0.24373455,-0.99959034,-0.13890958,1.0091960430145264,163.40289800427854,116.64514802396297,162.45309310033917
201,66,lower_to_right,Lower → right,episode_20260721_213226_274385,55,78.224106,58.265163,0.8830531,-0.46927306,1.015493614160298,move the robot from the lowermost vessel to the right side,0.9718534,-0.23558651,0.9985032,0.057948906,1.000183343887329,158.62346906214952,116.74876697361469,157.7891029883176
202,67,upper_to_right,Upper → right,episode_20260721_213339_686783,107,78.57296,56.30401,0.99994063,-0.010899535,0.9996014433279078,move the robot from the uppermost vessel to the right side,0.9931526,-0.11682446,1.0437899,-0.020012232,1.0439817905426025,161.9224539026618,116.68021697551012,161.0370280686766
203,67,return_to_left,Return → left,episode_20260721_212521_611537,18,78.30148,57.713444,-0.8549295,-0.51874423,0.4662945745424138,Go back to the start from the nearest way,-0.969842,-0.24373455,-0.9966719,-0.30743665,1.04301118850708,158.2541309762746,116.8683459982276,157.450394006446
204,67,lower_to_right,Lower → right,episode_20260721_213226_274385,55,78.224106,58.265163,0.8830531,-0.46927306,1.015493614160298,move the robot from the lowermost vessel to the right side,0.9718534,-0.23558651,1.014719,-0.106776975,1.0203214883804321,162.1281928382814,116.99541588313878,161.246637115255
205,68,upper_to_right,Upper → right,episode_20260721_213339_686783,107,78.57296,56.30401,0.99994063,-0.010899535,0.9996014433279078,move the robot from the uppermost vessel to the right side,0.9931526,-0.11682446,1.0493401,0.03611249,1.0499613285064697,159.20836385339499,117.10611311718822,158.3452089689672
206,68,return_to_left,Return → left,episode_20260721_212521_611537,18,78.30148,57.713444,-0.8549295,-0.51874423,0.4662945745424138,Go back to the start from the nearest way,-0.969842,-0.24373455,-0.94855386,-0.31433177,0.9992792010307312,163.5428338777274,116.74544587731361,162.6681878697127
207,68,lower_to_right,Lower → right,episode_20260721_213226_274385,55,78.224106,58.265163,0.8830531,-0.46927306,1.015493614160298,move the robot from the lowermost vessel to the right side,0.9718534,-0.23558651,1.0132066,-0.13141789,1.0216938257217407,163.41509600169957,116.81719520129263,162.50664019025862
208,69,upper_to_right,Upper → right,episode_20260721_213339_686783,107,78.57296,56.30401,0.99994063,-0.010899535,0.9996014433279078,move the robot from the uppermost vessel to the right side,0.9931526,-0.11682446,1.0550393,0.06641429,1.057127594947815,164.23160186968744,116.95597297511995,163.32034580409527
209,69,return_to_left,Return → left,episode_20260721_212521_611537,18,78.30148,57.713444,-0.8549295,-0.51874423,0.4662945745424138,Go back to the start from the nearest way,-0.969842,-0.24373455,-1.0056553,-0.24489656,1.0350443124771118,162.88067703135312,116.74533598124981,161.96950105950236
210,69,lower_to_right,Lower → right,episode_20260721_213226_274385,55,78.224106,58.265163,0.8830531,-0.46927306,1.015493614160298,move the robot from the lowermost vessel to the right side,0.9718534,-0.23558651,0.71684176,0.0065577556,0.7168717384338379,161.19676595553756,116.78655492141843,160.4181188158691
211,70,upper_to_right,Upper → right,episode_20260721_213339_686783,107,78.57296,56.30401,0.99994063,-0.010899535,0.9996014433279078,move the robot from the uppermost vessel to the right side,0.9931526,-0.11682446,1.0430015,-0.12997827,1.0510692596435547,160.74948501773179,116.9771330896765,159.95703893713653
212,70,return_to_left,Return → left,episode_20260721_212521_611537,18,78.30148,57.713444,-0.8549295,-0.51874423,0.4662945745424138,Go back to the start from the nearest way,-0.969842,-0.24373455,-1.0454248,0.01614989,1.0455495119094849,160.71585612371564,116.73379386775196,159.87684996798635
213,70,lower_to_right,Lower → right,episode_20260721_213226_274385,55,78.224106,58.265163,0.8830531,-0.46927306,1.015493614160298,move the robot from the lowermost vessel to the right side,0.9718534,-0.23558651,1.021856,-0.23137638,1.0477235317230225,158.35090493783355,117.02521308325231,157.52978902310133
214,71,upper_to_right,Upper → right,episode_20260721_213339_686783,107,78.57296,56.30401,0.99994063,-0.010899535,0.9996014433279078,move the robot from the uppermost vessel to the right side,0.9931526,-0.11682446,1.0785971,0.0018360874,1.0785986185073853,158.12380681745708,116.71053292229772,157.33667113818228
215,71,return_to_left,Return → left,episode_20260721_212521_611537,18,78.30148,57.713444,-0.8549295,-0.51874423,0.4662945745424138,Go back to the start from the nearest way,-0.969842,-0.24373455,-0.9873899,-0.23878123,1.0158520936965942,161.63000091910362,116.90904316492379,160.7555551454425
216,71,lower_to_right,Lower → right,episode_20260721_213226_274385,55,78.224106,58.265163,0.8830531,-0.46927306,1.015493614160298,move the robot from the lowermost vessel to the right side,0.9718534,-0.23558651,1.003174,-0.02708579,1.0035395622253418,163.39326300658286,117.42811999283731,162.53869701176882
217,72,upper_to_right,Upper → right,episode_20260721_213339_686783,107,78.57296,56.30401,0.99994063,-0.010899535,0.9996014433279078,move the robot from the uppermost vessel to the right side,0.9931526,-0.11682446,0.97763526,0.13587905,0.9870328307151794,158.51623401977122,117.04728100448847,157.72474696859717
218,72,return_to_left,Return → left,episode_20260721_212521_611537,18,78.30148,57.713444,-0.8549295,-0.51874423,0.4662945745424138,Go back to the start from the nearest way,-0.969842,-0.24373455,-1.0538523,-0.05102673,1.0550869703292847,164.1265971120447,117.25295893847942,163.24676107615232
219,72,lower_to_right,Lower → right,episode_20260721_213226_274385,55,78.224106,58.265163,0.8830531,-0.46927306,1.015493614160298,move the robot from the lowermost vessel to the right side,0.9718534,-0.23558651,1.0655005,0.09497519,1.0697250366210938,163.88184786774218,116.91702995449305,162.8485529217869
220,73,upper_to_right,Upper → right,episode_20260721_213339_686783,107,78.57296,56.30401,0.99994063,-0.010899535,0.9996014433279078,move the robot from the uppermost vessel to the right side,0.9931526,-0.11682446,0.9722122,0.0031553493,0.972217321395874,163.52966986596584,116.80130194872618,162.6677040476352
221,73,return_to_left,Return → left,episode_20260721_212521_611537,18,78.30148,57.713444,-0.8549295,-0.51874423,0.4662945745424138,Go back to the start from the nearest way,-0.969842,-0.24373455,-0.71188235,0.5998515,0.9309126138687134,163.60404901206493,117.02683102339506,162.72912290878594
222,73,lower_to_right,Lower → right,episode_20260721_213226_274385,55,78.224106,58.265163,0.8830531,-0.46927306,1.015493614160298,move the robot from the lowermost vessel to the right side,0.9718534,-0.23558651,0.9984871,-0.0067671915,0.9985100030899048,158.06207503192127,116.7506710626185,157.3030580766499
223,74,upper_to_right,Upper → right,episode_20260721_213339_686783,107,78.57296,56.30401,0.99994063,-0.010899535,0.9996014433279078,move the robot from the uppermost vessel to the right side,0.9931526,-0.11682446,1.0749191,0.15329246,1.085794448852539,158.48711202852428,117.06795892678201,157.69653604365885
224,74,return_to_left,Return → left,episode_20260721_212521_611537,18,78.30148,57.713444,-0.8549295,-0.51874423,0.4662945745424138,Go back to the start from the nearest way,-0.969842,-0.24373455,-0.91002566,-0.4756309,1.0268259048461914,159.05331796966493,117.15148808434606,158.2672509830445
225,74,lower_to_right,Lower → right,episode_20260721_213226_274385,55,78.224106,58.265163,0.8830531,-0.46927306,1.015493614160298,move the robot from the lowermost vessel to the right side,0.9718534,-0.23558651,0.99917835,-0.14250568,1.0092895030975342,164.42134301178157,117.07562790252268,163.53845712728798
226,75,upper_to_right,Upper → right,episode_20260721_213339_686783,107,78.57296,56.30401,0.99994063,-0.010899535,0.9996014433279078,move the robot from the uppermost vessel to the right side,0.9931526,-0.11682446,0.9805165,-0.18940108,0.9986417889595032,159.59878591820598,117.44442698545754,158.73461915180087
227,75,return_to_left,Return → left,episode_20260721_212521_611537,18,78.30148,57.713444,-0.8549295,-0.51874423,0.4662945745424138,Go back to the start from the nearest way,-0.969842,-0.24373455,-1.0503453,-0.054252382,1.0517454147338867,164.41430407576263,117.28504789061844,163.4974479675293
228,75,lower_to_right,Lower → right,episode_20260721_213226_274385,55,78.224106,58.265163,0.8830531,-0.46927306,1.015493614160298,move the robot from the lowermost vessel to the right side,0.9718534,-0.23558651,0.0025121018,-0.0028213712,0.0037776699755340815,162.24129381589592,117.56414594128728,161.4265281241387
229,76,upper_to_right,Upper → right,episode_20260721_213339_686783,107,78.57296,56.30401,0.99994063,-0.010899535,0.9996014433279078,move the robot from the uppermost vessel to the right side,0.9931526,-0.11682446,1.0873182,0.08013125,1.0902668237686157,162.80109016224742,117.48290597461164,161.85040399432182
230,76,return_to_left,Return → left,episode_20260721_212521_611537,18,78.30148,57.713444,-0.8549295,-0.51874423,0.4662945745424138,Go back to the start from the nearest way,-0.969842,-0.24373455,-0.9824871,-0.18482395,0.9997203350067139,162.15206077322364,116.71248893253505,161.28971497528255
231,76,lower_to_right,Lower → right,episode_20260721_213226_274385,55,78.224106,58.265163,0.8830531,-0.46927306,1.015493614160298,move the robot from the lowermost vessel to the right side,0.9718534,-0.23558651,1.0054651,-0.11503302,1.012024164199829,163.0433672107756,116.76999903284013,162.35048114322126
232,77,upper_to_right,Upper → right,episode_20260721_213339_686783,107,78.57296,56.30401,0.99994063,-0.010899535,0.9996014433279078,move the robot from the uppermost vessel to the right side,0.9931526,-0.11682446,1.0590394,6.8541915e-05,1.0590393543243408,163.7622038833797,117.30180610902607,162.9045179579407
233,77,return_to_left,Return → left,episode_20260721_212521_611537,18,78.30148,57.713444,-0.8549295,-0.51874423,0.4662945745424138,Go back to the start from the nearest way,-0.969842,-0.24373455,-1.0216161,0.018994547,1.0217927694320679,161.79425385780632,116.98123696260154,160.86950805038214
234,77,lower_to_right,Lower → right,episode_20260721_213226_274385,55,78.224106,58.265163,0.8830531,-0.46927306,1.015493614160298,move the robot from the lowermost vessel to the right side,0.9718534,-0.23558651,0.991111,-0.066554,0.9933430552482605,163.5089151095599,117.18176701106131,162.54343907348812
235,78,upper_to_right,Upper → right,episode_20260721_213339_686783,107,78.57296,56.30401,0.99994063,-0.010899535,0.9996014433279078,move the robot from the uppermost vessel to the right side,0.9931526,-0.11682446,0.98881036,-0.070369154,0.9913111329078674,163.177675800398,117.10434686392546,162.2579109389335
236,78,return_to_left,Return → left,episode_20260721_212521_611537,18,78.30148,57.713444,-0.8549295,-0.51874423,0.4662945745424138,Go back to the start from the nearest way,-0.969842,-0.24373455,-0.9873109,-0.014849448,0.987422525882721,160.71243700571358,117.16498481109738,159.89712998270988
237,78,lower_to_right,Lower → right,episode_20260721_213226_274385,55,78.224106,58.265163,0.8830531,-0.46927306,1.015493614160298,move the robot from the lowermost vessel to the right side,0.9718534,-0.23558651,1.0263847,-0.09116879,1.030425786972046,158.35080598481,117.15279403142631,157.57250995375216
238,79,upper_to_right,Upper → right,episode_20260721_213339_686783,107,78.57296,56.30401,0.99994063,-0.010899535,0.9996014433279078,move the robot from the uppermost vessel to the right side,0.9931526,-0.11682446,1.0966264,-0.059759498,1.0982534885406494,158.3585769403726,116.87600682489574,157.53626101650298
239,79,return_to_left,Return → left,episode_20260721_212521_611537,18,78.30148,57.713444,-0.8549295,-0.51874423,0.4662945745424138,Go back to the start from the nearest way,-0.969842,-0.24373455,-0.9360537,-0.26919878,0.9739940762519836,162.3119991272688,117.03543597832322,161.44687309861183
240,79,lower_to_right,Lower → right,episode_20260721_213226_274385,55,78.224106,58.265163,0.8830531,-0.46927306,1.015493614160298,move the robot from the lowermost vessel to the right side,0.9718534,-0.23558651,1.0614718,0.062480904,1.0633091926574707,158.65112491883337,117.1339750289917,157.8410288784653
241,80,upper_to_right,Upper → right,episode_20260721_213339_686783,107,78.57296,56.30401,0.99994063,-0.010899535,0.9996014433279078,move the robot from the uppermost vessel to the right side,0.9931526,-0.11682446,1.0805396,-0.10315256,1.0854520797729492,163.4785330388695,117.01909592375159,162.54064696840942
242,80,return_to_left,Return → left,episode_20260721_212521_611537,18,78.30148,57.713444,-0.8549295,-0.51874423,0.4662945745424138,Go back to the start from the nearest way,-0.969842,-0.24373455,-0.9963003,-0.26277828,1.030372142791748,162.3640670441091,116.47348618134856,161.43658105283976
243,80,lower_to_right,Lower → right,episode_20260721_213226_274385,55,78.224106,58.265163,0.8830531,-0.46927306,1.015493614160298,move the robot from the lowermost vessel to the right side,0.9718534,-0.23558651,0.9842359,-0.24046531,1.0131850242614746,162.1663060504943,116.67841486632824,161.24570090323687
244,81,upper_to_right,Upper → right,episode_20260721_213339_686783,107,78.57296,56.30401,0.99994063,-0.010899535,0.9996014433279078,move the robot from the uppermost vessel to the right side,0.9931526,-0.11682446,1.0922052,0.066658095,1.0942373275756836,162.9017440136522,116.80805520154536,161.97810787707567
245,81,return_to_left,Return → left,episode_20260721_212521_611537,18,78.30148,57.713444,-0.8549295,-0.51874423,0.4662945745424138,Go back to the start from the nearest way,-0.969842,-0.24373455,-1.0042706,-0.32215595,1.054677128791809,161.74152912572026,117.55331186577678,160.95588309690356
246,81,lower_to_right,Lower → right,episode_20260721_213226_274385,55,78.224106,58.265163,0.8830531,-0.46927306,1.015493614160298,move the robot from the lowermost vessel to the right side,0.9718534,-0.23558651,1.00371,-0.10200532,1.0088800191879272,159.54598900862038,117.19729308970273,158.75354199670255
247,82,upper_to_right,Upper → right,episode_20260721_213339_686783,107,78.57296,56.30401,0.99994063,-0.010899535,0.9996014433279078,move the robot from the uppermost vessel to the right side,0.9931526,-0.11682446,1.06257,0.049160697,1.0637065172195435,160.01609805971384,117.12034302763641,159.22214114107192
248,82,return_to_left,Return → left,episode_20260721_212521_611537,18,78.30148,57.713444,-0.8549295,-0.51874423,0.4662945745424138,Go back to the start from the nearest way,-0.969842,-0.24373455,-1.0813093,-0.17182799,1.0948765277862549,158.62007113173604,117.37232096493244,157.81790507026017
249,82,lower_to_right,Lower → right,episode_20260721_213226_274385,55,78.224106,58.265163,0.8830531,-0.46927306,1.015493614160298,move the robot from the lowermost vessel to the right side,0.9718534,-0.23558651,0.8649405,-0.1300221,0.8746587038040161,165.54690897464752,117.74102901108563,164.63474300689995
250,83,upper_to_right,Upper → right,episode_20260721_213339_686783,107,78.57296,56.30401,0.99994063,-0.010899535,0.9996014433279078,move the robot from the uppermost vessel to the right side,0.9931526,-0.11682446,1.0763049,0.19003028,1.0929518938064575,163.8175470288843,117.42982105351985,162.72383206523955
251,83,return_to_left,Return → left,episode_20260721_212521_611537,18,78.30148,57.713444,-0.8549295,-0.51874423,0.4662945745424138,Go back to the start from the nearest way,-0.969842,-0.24373455,-1.0518019,-0.103109084,1.0568437576293945,163.01687085069716,117.09824204444885,161.91357607021928
252,83,lower_to_right,Lower → right,episode_20260721_213226_274385,55,78.224106,58.265163,0.8830531,-0.46927306,1.015493614160298,move the robot from the lowermost vessel to the right side,0.9718534,-0.23558651,1.0250165,0.11488034,1.031434178352356,161.07447887770832,117.0722721144557,160.16213386319578
253,84,upper_to_right,Upper → right,episode_20260721_213339_686783,107,78.57296,56.30401,0.99994063,-0.010899535,0.9996014433279078,move the robot from the uppermost vessel to the right side,0.9931526,-0.11682446,1.0195386,0.17941873,1.035205364227295,160.88785114698112,117.26992204785347,159.8318659234792
254,84,return_to_left,Return → left,episode_20260721_212521_611537,18,78.30148,57.713444,-0.8549295,-0.51874423,0.4662945745424138,Go back to the start from the nearest way,-0.969842,-0.24373455,-1.0089041,-0.22302887,1.0332615375518799,159.748915117234,117.03497194685042,158.80403900519013
255,84,lower_to_right,Lower → right,episode_20260721_213226_274385,55,78.224106,58.265163,0.8830531,-0.46927306,1.015493614160298,move the robot from the lowermost vessel to the right side,0.9718534,-0.23558651,0.9327881,-0.0015516292,0.9327893257141113,158.85890694335103,117.16174986213446,157.98746212385595
256,85,upper_to_right,Upper → right,episode_20260721_213339_686783,107,78.57296,56.30401,0.99994063,-0.010899535,0.9996014433279078,move the robot from the uppermost vessel to the right side,0.9931526,-0.11682446,-0.0019926748,0.014031441,0.01417222898453474,159.85527401790023,117.03031091019511,159.06074712984264
257,85,return_to_left,Return → left,episode_20260721_212521_611537,18,78.30148,57.713444,-0.8549295,-0.51874423,0.4662945745424138,Go back to the start from the nearest way,-0.969842,-0.24373455,-1.0057511,-0.046075415,1.0068060159683228,159.06456718221307,117.23021999932826,158.25164108537138
258,85,lower_to_right,Lower → right,episode_20260721_213226_274385,55,78.224106,58.265163,0.8830531,-0.46927306,1.015493614160298,move the robot from the lowermost vessel to the right side,0.9718534,-0.23558651,1.0246365,0.09635298,1.0291569232940674,161.84504400007427,117.30167921632528,161.00813797675073
259,86,upper_to_right,Upper → right,episode_20260721_213339_686783,107,78.57296,56.30401,0.99994063,-0.010899535,0.9996014433279078,move the robot from the uppermost vessel to the right side,0.9931526,-0.11682446,1.0932997,-0.039404053,1.0940096378326416,161.3904070109129,117.34781903214753,160.63782898709178
260,86,return_to_left,Return → left,episode_20260721_212521_611537,18,78.30148,57.713444,-0.8549295,-0.51874423,0.4662945745424138,Go back to the start from the nearest way,-0.969842,-0.24373455,-1.0371139,0.04868256,1.0382559299468994,158.67414698004723,117.16239899396896,157.8411110676825
261,86,lower_to_right,Lower → right,episode_20260721_213226_274385,55,78.224106,58.265163,0.8830531,-0.46927306,1.015493614160298,move the robot from the lowermost vessel to the right side,0.9718534,-0.23558651,0.9554839,-0.34164065,1.0147255659103394,162.71185711957514,117.11915815249085,161.88433091156185
262,87,upper_to_right,Upper → right,episode_20260721_213339_686783,107,78.57296,56.30401,0.99994063,-0.010899535,0.9996014433279078,move the robot from the uppermost vessel to the right side,0.9931526,-0.11682446,1.0706226,-0.043879665,1.0715214014053345,159.2164938338101,117.47103719972074,158.34070811979473
263,87,return_to_left,Return → left,episode_20260721_212521_611537,18,78.30148,57.713444,-0.8549295,-0.51874423,0.4662945745424138,Go back to the start from the nearest way,-0.969842,-0.24373455,-0.9845047,-0.15958382,0.9973547458648682,160.2902088779956,117.14524892158806,159.31647294200957
264,87,lower_to_right,Lower → right,episode_20260721_213226_274385,55,78.224106,58.265163,0.8830531,-0.46927306,1.015493614160298,move the robot from the lowermost vessel to the right side,0.9718534,-0.23558651,1.0734725,0.08267168,1.0766512155532837,162.30104910209775,117.32963798567653,161.27581405453384
265,88,upper_to_right,Upper → right,episode_20260721_213339_686783,107,78.57296,56.30401,0.99994063,-0.010899535,0.9996014433279078,move the robot from the uppermost vessel to the right side,0.9931526,-0.11682446,1.0737091,0.097754814,1.0781500339508057,163.46956393681467,117.489815922454,162.3530387878418
266,88,return_to_left,Return → left,episode_20260721_212521_611537,18,78.30148,57.713444,-0.8549295,-0.51874423,0.4662945745424138,Go back to the start from the nearest way,-0.969842,-0.24373455,-1.0235914,-0.2565864,1.0552610158920288,158.8269961066544,117.52787604928017,157.89801999926567
267,88,lower_to_right,Lower → right,episode_20260721_213226_274385,55,78.224106,58.265163,0.8830531,-0.46927306,1.015493614160298,move the robot from the lowermost vessel to the right side,0.9718534,-0.23558651,0.9219996,-0.066712156,0.9244099259376526,159.85115803778172,117.48959496617317,158.87098293751478
268,89,upper_to_right,Upper → right,episode_20260721_213339_686783,107,78.57296,56.30401,0.99994063,-0.010899535,0.9996014433279078,move the robot from the uppermost vessel to the right side,0.9931526,-0.11682446,1.0855463,-0.03175563,1.0860105752944946,164.70319614745677,117.90842306800187,163.7286909390241
269,89,return_to_left,Return → left,episode_20260721_212521_611537,18,78.30148,57.713444,-0.8549295,-0.51874423,0.4662945745424138,Go back to the start from the nearest way,-0.969842,-0.24373455,-1.0444108,-0.20649971,1.0646295547485352,162.92236396111548,117.48162494041026,161.9476091582328
270,89,lower_to_right,Lower → right,episode_20260721_213226_274385,55,78.224106,58.265163,0.8830531,-0.46927306,1.015493614160298,move the robot from the lowermost vessel to the right side,0.9718534,-0.23558651,0.983583,-0.005368319,0.9835976362228394,161.40476102009416,117.54002491943538,160.22582701407373
271,90,upper_to_right,Upper → right,episode_20260721_213339_686783,107,78.57296,56.30401,0.99994063,-0.010899535,0.9996014433279078,move the robot from the uppermost vessel to the right side,0.9931526,-0.11682446,1.0956281,0.050626267,1.096797227859497,163.25059300288558,117.33465595170856,162.34444710426033
272,90,return_to_left,Return → left,episode_20260721_212521_611537,18,78.30148,57.713444,-0.8549295,-0.51874423,0.4662945745424138,Go back to the start from the nearest way,-0.969842,-0.24373455,-0.9482889,-0.29824692,0.9940840601921082,158.78497320227325,117.14411689899862,157.85759687423706
273,90,lower_to_right,Lower → right,episode_20260721_213226_274385,55,78.224106,58.265163,0.8830531,-0.46927306,1.015493614160298,move the robot from the lowermost vessel to the right side,0.9718534,-0.23558651,0.0026776476,0.0012207635,0.0029427979607135057,163.79345813766122,117.46693402528763,162.90385206229985
274,91,upper_to_right,Upper → right,episode_20260721_213339_686783,107,78.57296,56.30401,0.99994063,-0.010899535,0.9996014433279078,move the robot from the uppermost vessel to the right side,0.9931526,-0.11682446,1.1403968,-0.016535012,1.140516757965088,160.99377092905343,117.20524518750608,160.13993485830724
275,91,return_to_left,Return → left,episode_20260721_212521_611537,18,78.30148,57.713444,-0.8549295,-0.51874423,0.4662945745424138,Go back to the start from the nearest way,-0.969842,-0.24373455,-1.1362396,-0.039583296,1.136928915977478,158.93903002142906,117.51237302087247,158.13910402357578
276,91,lower_to_right,Lower → right,episode_20260721_213226_274385,55,78.224106,58.265163,0.8830531,-0.46927306,1.015493614160298,move the robot from the lowermost vessel to the right side,0.9718534,-0.23558651,0.86857134,-0.4919807,0.9982290267944336,158.2389532122761,117.09880619309843,157.49105694703758
277,92,upper_to_right,Upper → right,episode_20260721_213339_686783,107,78.57296,56.30401,0.99994063,-0.010899535,0.9996014433279078,move the robot from the uppermost vessel to the right side,0.9931526,-0.11682446,1.0278276,-0.037377715,1.0285069942474365,158.82264194078743,117.6149130333215,158.02597487345338
278,92,return_to_left,Return → left,episode_20260721_212521_611537,18,78.30148,57.713444,-0.8549295,-0.51874423,0.4662945745424138,Go back to the start from the nearest way,-0.969842,-0.24373455,-1.0101397,-0.12345043,1.0176552534103394,161.4678290206939,117.05361492931843,160.55763303302228
279,92,lower_to_right,Lower → right,episode_20260721_213226_274385,55,78.224106,58.265163,0.8830531,-0.46927306,1.015493614160298,move the robot from the lowermost vessel to the right side,0.9718534,-0.23558651,1.0515331,-0.042650618,1.0523977279663086,163.56729809194803,117.35765286721289,162.63912082649767
280,93,upper_to_right,Upper → right,episode_20260721_213339_686783,107,78.57296,56.30401,0.99994063,-0.010899535,0.9996014433279078,move the robot from the uppermost vessel to the right side,0.9931526,-0.11682446,1.0338392,-0.00440849,1.0338486433029175,166.09254502691329,117.8303100168705,165.13090999796987
281,93,return_to_left,Return → left,episode_20260721_212521_611537,18,78.30148,57.713444,-0.8549295,-0.51874423,0.4662945745424138,Go back to the start from the nearest way,-0.969842,-0.24373455,-0.98733187,-0.011909422,0.9874036908149719,160.18965188413858,117.42127197794616,159.31184589862823
282,93,lower_to_right,Lower → right,episode_20260721_213226_274385,55,78.224106,58.265163,0.8830531,-0.46927306,1.015493614160298,move the robot from the lowermost vessel to the right side,0.9718534,-0.23558651,1.0151904,0.004385049,1.0151997804641724,159.52721587382257,117.42829205468297,158.4743109997362
283,94,upper_to_right,Upper → right,episode_20260721_213339_686783,107,78.57296,56.30401,0.99994063,-0.010899535,0.9996014433279078,move the robot from the uppermost vessel to the right side,0.9931526,-0.11682446,0.89525723,-0.18425708,0.9140220284461975,164.61407206952572,117.07973293960094,163.4221482090652
284,94,return_to_left,Return → left,episode_20260721_212521_611537,18,78.30148,57.713444,-0.8549295,-0.51874423,0.4662945745424138,Go back to the start from the nearest way,-0.969842,-0.24373455,-1.0198431,-0.098408975,1.0245800018310547,163.73515618033707,117.07313382066786,162.65104105696082
285,94,lower_to_right,Lower → right,episode_20260721_213226_274385,55,78.224106,58.265163,0.8830531,-0.46927306,1.015493614160298,move the robot from the lowermost vessel to the right side,0.9718534,-0.23558651,1.0054358,-0.017248902,1.0055837631225586,163.11070788651705,117.67041892744601,162.23685210570693
286,95,upper_to_right,Upper → right,episode_20260721_213339_686783,107,78.57296,56.30401,0.99994063,-0.010899535,0.9996014433279078,move the robot from the uppermost vessel to the right side,0.9931526,-0.11682446,1.0791837,0.16029714,1.0910236835479736,159.0566448867321,117.77352914214134,158.24319887906313
287,95,return_to_left,Return → left,episode_20260721_212521_611537,18,78.30148,57.713444,-0.8549295,-0.51874423,0.4662945745424138,Go back to the start from the nearest way,-0.969842,-0.24373455,-0.8593986,-0.5450214,1.0176513195037842,160.26052995584905,117.71003995090723,159.26524507813156
288,95,lower_to_right,Lower → right,episode_20260721_213226_274385,55,78.224106,58.265163,0.8830531,-0.46927306,1.015493614160298,move the robot from the lowermost vessel to the right side,0.9718534,-0.23558651,0.97902745,-0.01045487,0.979083240032196,164.5004900638014,117.60553880594671,163.58603490516543
289,96,upper_to_right,Upper → right,episode_20260721_213339_686783,107,78.57296,56.30401,0.99994063,-0.010899535,0.9996014433279078,move the robot from the uppermost vessel to the right side,0.9931526,-0.11682446,1.0540961,0.12303782,1.061252474784851,162.63483907096088,117.51035018824041,161.6407330147922
290,96,return_to_left,Return → left,episode_20260721_212521_611537,18,78.30148,57.713444,-0.8549295,-0.51874423,0.4662945745424138,Go back to the start from the nearest way,-0.969842,-0.24373455,-0.9294935,-0.40161127,1.012546181678772,165.29592615552247,117.27308202534914,164.25405093468726
291,96,lower_to_right,Lower → right,episode_20260721_213226_274385,55,78.224106,58.265163,0.8830531,-0.46927306,1.015493614160298,move the robot from the lowermost vessel to the right side,0.9718534,-0.23558651,0.9431327,-0.017753813,0.9432997703552246,162.5072390306741,117.18416004441679,161.55806300230324
292,97,upper_to_right,Upper → right,episode_20260721_213339_686783,107,78.57296,56.30401,0.99994063,-0.010899535,0.9996014433279078,move the robot from the uppermost vessel to the right side,0.9931526,-0.11682446,1.1201946,0.044157073,1.12106454372406,162.45342697948217,117.09444993175566,161.48760193027556
293,97,return_to_left,Return → left,episode_20260721_212521_611537,18,78.30148,57.713444,-0.8549295,-0.51874423,0.4662945745424138,Go back to the start from the nearest way,-0.969842,-0.24373455,-0.9662527,-0.176779,0.9822907447814941,165.26953503489494,117.47121787630022,164.2935189884156
294,97,lower_to_right,Lower → right,episode_20260721_213226_274385,55,78.224106,58.265163,0.8830531,-0.46927306,1.015493614160298,move the robot from the lowermost vessel to the right side,0.9718534,-0.23558651,1.0394422,0.09805383,1.04405677318573,159.0820229612291,117.36851907335222,158.22201687842607
295,98,upper_to_right,Upper → right,episode_20260721_213339_686783,107,78.57296,56.30401,0.99994063,-0.010899535,0.9996014433279078,move the robot from the uppermost vessel to the right side,0.9931526,-0.11682446,1.0835594,-0.056427166,1.0850276947021484,160.42861808091402,117.31789889745414,159.5127519685775
296,98,return_to_left,Return → left,episode_20260721_212521_611537,18,78.30148,57.713444,-0.8549295,-0.51874423,0.4662945745424138,Go back to the start from the nearest way,-0.969842,-0.24373455,-1.0448012,-0.07359688,1.047390103340149,159.63719016872346,117.57928808219731,158.70439494028687
297,98,lower_to_right,Lower → right,episode_20260721_213226_274385,55,78.224106,58.265163,0.8830531,-0.46927306,1.015493614160298,move the robot from the lowermost vessel to the right side,0.9718534,-0.23558651,1.0062132,-0.0009072806,1.006213665008545,163.16101397387683,117.70440801046789,162.26925794035196
298,99,upper_to_right,Upper → right,episode_20260721_213339_686783,107,78.57296,56.30401,0.99994063,-0.010899535,0.9996014433279078,move the robot from the uppermost vessel to the right side,0.9931526,-0.11682446,1.019988,0.2160651,1.0426214933395386,158.9472619816661,117.53345699980855,158.09551579877734
299,99,return_to_left,Return → left,episode_20260721_212521_611537,18,78.30148,57.713444,-0.8549295,-0.51874423,0.4662945745424138,Go back to the start from the nearest way,-0.969842,-0.24373455,-0.17170823,0.8029666,0.8211206197738647,158.97988202050328,117.5954770296812,158.08815602213144
300,99,lower_to_right,Lower → right,episode_20260721_213226_274385,55,78.224106,58.265163,0.8830531,-0.46927306,1.015493614160298,move the robot from the lowermost vessel to the right side,0.9718534,-0.23558651,1.0161154,-0.10065934,1.0210890769958496,159.90478708408773,117.84089496359229,159.00081093423069
301,100,upper_to_right,Upper → right,episode_20260721_213339_686783,107,78.57296,56.30401,0.99994063,-0.010899535,0.9996014433279078,move the robot from the uppermost vessel to the right side,0.9931526,-0.11682446,1.1047958,0.050235797,1.1059373617172241,163.22827083058655,117.52308602444828,162.3359660152346
302,100,return_to_left,Return → left,episode_20260721_212521_611537,18,78.30148,57.713444,-0.8549295,-0.51874423,0.4662945745424138,Go back to the start from the nearest way,-0.969842,-0.24373455,-0.9856775,-0.117542304,0.9926612377166748,161.45494999364018,117.45695699937642,160.62837303616107
303,100,lower_to_right,Lower → right,episode_20260721_213226_274385,55,78.224106,58.265163,0.8830531,-0.46927306,1.015493614160298,move the robot from the lowermost vessel to the right side,0.9718534,-0.23558651,1.0336795,-0.051886454,1.0349808931350708,164.47416599839926,117.34198802150786,163.4771900717169
304,101,upper_to_right,Upper → right,episode_20260721_213339_686783,107,78.57296,56.30401,0.99994063,-0.010899535,0.9996014433279078,move the robot from the uppermost vessel to the right side,0.9931526,-0.11682446,1.00825,0.026948975,1.0086101293563843,160.2008738555014,117.23091709427536,159.12924893200397
305,101,return_to_left,Return → left,episode_20260721_212521_611537,18,78.30148,57.713444,-0.8549295,-0.51874423,0.4662945745424138,Go back to the start from the nearest way,-0.969842,-0.24373455,-1.0973132,-0.068427876,1.0994446277618408,159.45516689680517,117.22115683369339,158.535982016474
306,101,lower_to_right,Lower → right,episode_20260721_213226_274385,55,78.224106,58.265163,0.8830531,-0.46927306,1.015493614160298,move the robot from the lowermost vessel to the right side,0.9718534,-0.23558651,1.0355207,0.054051775,1.0369304418563843,166.03046609088778,118.2400519028306,165.10347998701036
307,102,upper_to_right,Upper → right,episode_20260721_213339_686783,107,78.57296,56.30401,0.99994063,-0.010899535,0.9996014433279078,move the robot from the uppermost vessel to the right side,0.9931526,-0.11682446,-0.91233224,-0.18293823,0.930492639541626,162.95989998616278,117.61485389433801,162.13301406241953
308,102,return_to_left,Return → left,episode_20260721_212521_611537,18,78.30148,57.713444,-0.8549295,-0.51874423,0.4662945745424138,Go back to the start from the nearest way,-0.969842,-0.24373455,-0.9849673,-0.21967113,1.0091660022735596,159.63842603377998,117.60534392669797,158.72876113280654
309,102,lower_to_right,Lower → right,episode_20260721_213226_274385,55,78.224106,58.265163,0.8830531,-0.46927306,1.015493614160298,move the robot from the lowermost vessel to the right side,0.9718534,-0.23558651,1.0341533,-0.08397197,1.0375570058822632,163.53450785391033,117.4378558062017,162.68358193337917
310,103,upper_to_right,Upper → right,episode_20260721_213339_686783,107,78.57296,56.30401,0.99994063,-0.010899535,0.9996014433279078,move the robot from the uppermost vessel to the right side,0.9931526,-0.11682446,1.0548831,-0.008954707,1.0549211502075195,161.6978137753904,117.51963291317225,160.92151799239218
311,103,return_to_left,Return → left,episode_20260721_212521_611537,18,78.30148,57.713444,-0.8549295,-0.51874423,0.4662945745424138,Go back to the start from the nearest way,-0.969842,-0.24373455,-1.0076379,-0.12948509,1.0159235000610352,159.14424578659236,117.705212906003,158.32777018658817
312,103,lower_to_right,Lower → right,episode_20260721_213226_274385,55,78.224106,58.265163,0.8830531,-0.46927306,1.015493614160298,move the robot from the lowermost vessel to the right side,0.9718534,-0.23558651,0.9293842,-0.07674801,0.9325476884841919,161.6140347905457,117.76699195615947,160.65088915638626
313,104,upper_to_right,Upper → right,episode_20260721_213339_686783,107,78.57296,56.30401,0.99994063,-0.010899535,0.9996014433279078,move the robot from the uppermost vessel to the right side,0.9931526,-0.11682446,0.92549837,0.092755094,0.9301347732543945,164.07323395833373,117.25681484676898,163.11776801012456
314,104,return_to_left,Return → left,episode_20260721_212521_611537,18,78.30148,57.713444,-0.8549295,-0.51874423,0.4662945745424138,Go back to the start from the nearest way,-0.969842,-0.24373455,-0.9679741,-0.04656504,0.9690935015678406,163.00170798785985,117.66059300862253,162.1601029764861
315,104,lower_to_right,Lower → right,episode_20260721_213226_274385,55,78.224106,58.265163,0.8830531,-0.46927306,1.015493614160298,move the robot from the lowermost vessel to the right side,0.9718534,-0.23558651,0.93035936,-0.42096522,1.0211660861968994,159.18386611156166,117.4401231110096,158.30613998696208
316,105,upper_to_right,Upper → right,episode_20260721_213339_686783,107,78.57296,56.30401,0.99994063,-0.010899535,0.9996014433279078,move the robot from the uppermost vessel to the right side,0.9931526,-0.11682446,1.1067513,-0.015599351,1.1068612337112427,163.22572506032884,117.41329310461879,162.2942490503192
317,105,return_to_left,Return → left,episode_20260721_212521_611537,18,78.30148,57.713444,-0.8549295,-0.51874423,0.4662945745424138,Go back to the start from the nearest way,-0.969842,-0.24373455,-1.0513412,-0.03738636,1.0520057678222656,159.25217396579683,117.624640930444,158.37326785549521
318,105,lower_to_right,Lower → right,episode_20260721_213226_274385,55,78.224106,58.265163,0.8830531,-0.46927306,1.015493614160298,move the robot from the lowermost vessel to the right side,0.9718534,-0.23558651,0.99060017,-0.014731394,0.990709662437439,164.79078703559935,117.94530018232763,163.87248202227056
319,106,upper_to_right,Upper → right,episode_20260721_213339_686783,107,78.57296,56.30401,0.99994063,-0.010899535,0.9996014433279078,move the robot from the uppermost vessel to the right side,0.9931526,-0.11682446,1.0668247,-0.06603363,1.0688663721084595,159.27918418310583,117.60734184645116,158.51756813935935
320,106,return_to_left,Return → left,episode_20260721_212521_611537,18,78.30148,57.713444,-0.8549295,-0.51874423,0.4662945745424138,Go back to the start from the nearest way,-0.969842,-0.24373455,-1.0249407,-0.12965663,1.0331090688705444,163.47273322753608,117.12306411936879,162.51225909218192
321,106,lower_to_right,Lower → right,episode_20260721_213226_274385,55,78.224106,58.265163,0.8830531,-0.46927306,1.015493614160298,move the robot from the lowermost vessel to the right side,0.9718534,-0.23558651,0.9272279,-0.15563172,0.9401983022689819,163.06382603943348,117.11071385070682,162.11922001093626
322,107,upper_to_right,Upper → right,episode_20260721_213339_686783,107,78.57296,56.30401,0.99994063,-0.010899535,0.9996014433279078,move the robot from the uppermost vessel to the right side,0.9931526,-0.11682446,1.1060715,-0.01701232,1.1062023639678955,163.59818098135293,117.11623310111463,162.61633695103228
323,107,return_to_left,Return → left,episode_20260721_212521_611537,18,78.30148,57.713444,-0.8549295,-0.51874423,0.4662945745424138,Go back to the start from the nearest way,-0.969842,-0.24373455,-0.9781937,-0.26231003,1.0127533674240112,162.3212171252817,117.31083109043539,161.29211080260575
324,107,lower_to_right,Lower → right,episode_20260721_213226_274385,55,78.224106,58.265163,0.8830531,-0.46927306,1.015493614160298,move the robot from the lowermost vessel to the right side,0.9718534,-0.23558651,1.0405477,0.011240567,1.0406084060668945,165.8064709044993,117.53530986607075,164.84725498594344
325,108,upper_to_right,Upper → right,episode_20260721_213339_686783,107,78.57296,56.30401,0.99994063,-0.010899535,0.9996014433279078,move the robot from the uppermost vessel to the right side,0.9931526,-0.11682446,1.075786,-0.17722818,1.0902868509292603,166.3918481208384,117.40604089573026,165.38138198666275
326,108,return_to_left,Return → left,episode_20260721_212521_611537,18,78.30148,57.713444,-0.8549295,-0.51874423,0.4662945745424138,Go back to the start from the nearest way,-0.969842,-0.24373455,-1.0206074,-0.116865195,1.0272763967514038,162.0187279768288,117.38022998906672,161.11640306189656
327,108,lower_to_right,Lower → right,episode_20260721_213226_274385,55,78.224106,58.265163,0.8830531,-0.46927306,1.015493614160298,move the robot from the lowermost vessel to the right side,0.9718534,-0.23558651,0.9740899,-0.15551314,0.9864256381988525,158.08566589839756,117.17622191645205,157.29896002449095
328,109,upper_to_right,Upper → right,episode_20260721_213339_686783,107,78.57296,56.30401,0.99994063,-0.010899535,0.9996014433279078,move the robot from the uppermost vessel to the right side,0.9931526,-0.11682446,1.1025053,-0.02021191,1.102690577507019,163.64437900483608,117.80245811678469,162.80516306869686
329,109,return_to_left,Return → left,episode_20260721_212521_611537,18,78.30148,57.713444,-0.8549295,-0.51874423,0.4662945745424138,Go back to the start from the nearest way,-0.969842,-0.24373455,-0.93532133,-0.15419422,0.9479461312294006,161.80710610933602,117.4297989346087,160.92877089977264
330,109,lower_to_right,Lower → right,episode_20260721_213226_274385,55,78.224106,58.265163,0.8830531,-0.46927306,1.015493614160298,move the robot from the lowermost vessel to the right side,0.9718534,-0.23558651,0.8894616,-0.4298311,0.9878748059272766,159.8062568809837,117.72429780103266,158.84457086212933
331,110,upper_to_right,Upper → right,episode_20260721_213339_686783,107,78.57296,56.30401,0.99994063,-0.010899535,0.9996014433279078,move the robot from the uppermost vessel to the right side,0.9931526,-0.11682446,1.0592545,0.124007836,1.0664887428283691,164.15123594924808,118.09270502999425,163.15700113773346
332,110,return_to_left,Return → left,episode_20260721_212521_611537,18,78.30148,57.713444,-0.8549295,-0.51874423,0.4662945745424138,Go back to the start from the nearest way,-0.969842,-0.24373455,-0.9535745,-0.3975619,1.0331310033798218,159.47543806396425,117.89257708005607,158.62759202718735
333,110,lower_to_right,Lower → right,episode_20260721_213226_274385,55,78.224106,58.265163,0.8830531,-0.46927306,1.015493614160298,move the robot from the lowermost vessel to the right side,0.9718534,-0.23558651,0.9923322,-0.18362819,1.0091791152954102,163.93210808746517,118.04528604261577,163.0084221251309
334,111,upper_to_right,Upper → right,episode_20260721_213339_686783,107,78.57296,56.30401,0.99994063,-0.010899535,0.9996014433279078,move the robot from the uppermost vessel to the right side,0.9931526,-0.11682446,1.0485824,-0.035955444,1.0491987466812134,164.5411232020706,117.67485807649791,163.4676679968834
335,111,return_to_left,Return → left,episode_20260721_212521_611537,18,78.30148,57.713444,-0.8549295,-0.51874423,0.4662945745424138,Go back to the start from the nearest way,-0.969842,-0.24373455,-0.9564317,-0.061612222,0.9584140777587891,158.8928890414536,117.62713710777462,158.0882219132036
336,111,lower_to_right,Lower → right,episode_20260721_213226_274385,55,78.224106,58.265163,0.8830531,-0.46927306,1.015493614160298,move the robot from the lowermost vessel to the right side,0.9718534,-0.23558651,1.0355555,-0.009411224,1.0355982780456543,159.84662412665784,117.99291404895484,159.06957793049514
337,112,upper_to_right,Upper → right,episode_20260721_213339_686783,107,78.57296,56.30401,0.99994063,-0.010899535,0.9996014433279078,move the robot from the uppermost vessel to the right side,0.9931526,-0.11682446,1.0716895,-0.13377719,1.080006718635559,159.6357049420476,117.62515595182776,158.78964914008975
338,112,return_to_left,Return → left,episode_20260721_212521_611537,18,78.30148,57.713444,-0.8549295,-0.51874423,0.4662945745424138,Go back to the start from the nearest way,-0.969842,-0.24373455,-0.9505098,-0.44513613,1.0495785474777222,163.5988859925419,117.68535594455898,162.67229011282325
339,112,lower_to_right,Lower → right,episode_20260721_213226_274385,55,78.224106,58.265163,0.8830531,-0.46927306,1.015493614160298,move the robot from the lowermost vessel to the right side,0.9718534,-0.23558651,-0.0077995304,-0.01026384,0.012891046702861786,159.48641602881253,117.73835611529648,158.66662003099918
340,113,upper_to_right,Upper → right,episode_20260721_213339_686783,107,78.57296,56.30401,0.99994063,-0.010899535,0.9996014433279078,move the robot from the uppermost vessel to the right side,0.9931526,-0.11682446,0.00029874608,0.012672847,0.012676367536187172,159.1252270154655,117.76930605992675,158.19056192412972
341,113,return_to_left,Return → left,episode_20260721_212521_611537,18,78.30148,57.713444,-0.8549295,-0.51874423,0.4662945745424138,Go back to the start from the nearest way,-0.969842,-0.24373455,-1.0592537,0.002496429,1.0592565536499023,159.38703413121402,117.99521395005286,158.5590580943972
342,113,lower_to_right,Lower → right,episode_20260721_213226_274385,55,78.224106,58.265163,0.8830531,-0.46927306,1.015493614160298,move the robot from the lowermost vessel to the right side,0.9718534,-0.23558651,0.9927822,0.07217137,0.9954020380973816,163.0738170351833,117.89352400228381,162.24473994225264
343,114,upper_to_right,Upper → right,episode_20260721_213339_686783,107,78.57296,56.30401,0.99994063,-0.010899535,0.9996014433279078,move the robot from the uppermost vessel to the right side,0.9931526,-0.11682446,0.9132477,-0.20646405,0.9362952709197998,160.66347807645798,118.08556295000017,159.73994182422757
344,114,return_to_left,Return → left,episode_20260721_212521_611537,18,78.30148,57.713444,-0.8549295,-0.51874423,0.4662945745424138,Go back to the start from the nearest way,-0.969842,-0.24373455,-0.07766581,0.013797466,0.07888186722993851,166.29789001308382,118.3186019770801,165.3778050094843
345,114,lower_to_right,Lower → right,episode_20260721_213226_274385,55,78.224106,58.265163,0.8830531,-0.46927306,1.015493614160298,move the robot from the lowermost vessel to the right side,0.9718534,-0.23558651,0.44693917,-0.022865893,0.44752371311187744,163.19569619372487,118.17856202833354,162.374870153144
346,115,upper_to_right,Upper → right,episode_20260721_213339_686783,107,78.57296,56.30401,0.99994063,-0.010899535,0.9996014433279078,move the robot from the uppermost vessel to the right side,0.9931526,-0.11682446,1.0014504,-0.16526473,1.0149952173233032,163.97293098270893,117.95500409789383,162.99090697430074
347,115,return_to_left,Return → left,episode_20260721_212521_611537,18,78.30148,57.713444,-0.8549295,-0.51874423,0.4662945745424138,Go back to the start from the nearest way,-0.969842,-0.24373455,-0.98213357,-0.16966529,0.9966807961463928,163.03553408943117,117.91208200156689,162.21349802799523
348,115,lower_to_right,Lower → right,episode_20260721_213226_274385,55,78.224106,58.265163,0.8830531,-0.46927306,1.015493614160298,move the robot from the lowermost vessel to the right side,0.9718534,-0.23558651,0.95808333,-0.29987895,1.003917932510376,162.9993449896574,118.08156105689704,162.05042996443808
349,116,upper_to_right,Upper → right,episode_20260721_213339_686783,107,78.57296,56.30401,0.99994063,-0.010899535,0.9996014433279078,move the robot from the uppermost vessel to the right side,0.9931526,-0.11682446,1.0285021,0.10639067,1.0339901447296143,165.5647619627416,118.5116982087493,164.51523709110916
350,116,return_to_left,Return → left,episode_20260721_212521_611537,18,78.30148,57.713444,-0.8549295,-0.51874423,0.4662945745424138,Go back to the start from the nearest way,-0.969842,-0.24373455,-1.049889,-0.16742097,1.0631541013717651,166.9897958636284,117.98184202052653,166.07148991897702
351,116,lower_to_right,Lower → right,episode_20260721_213226_274385,55,78.224106,58.265163,0.8830531,-0.46927306,1.015493614160298,move the robot from the lowermost vessel to the right side,0.9718534,-0.23558651,0.9747349,-0.18415341,0.991978108882904,164.3159380182624,117.72808292880654,163.47543196752667
352,117,upper_to_right,Upper → right,episode_20260721_213339_686783,107,78.57296,56.30401,0.99994063,-0.010899535,0.9996014433279078,move the robot from the uppermost vessel to the right side,0.9931526,-0.11682446,1.1049223,0.1842565,1.1201802492141724,163.42751285992563,118.22737101465464,162.5204070005566
353,117,return_to_left,Return → left,episode_20260721_212521_611537,18,78.30148,57.713444,-0.8549295,-0.51874423,0.4662945745424138,Go back to the start from the nearest way,-0.969842,-0.24373455,-0.9809275,-0.24567881,1.0112254619598389,163.88459806330502,117.92647000402212,162.95356187038124
354,117,lower_to_right,Lower → right,episode_20260721_213226_274385,55,78.224106,58.265163,0.8830531,-0.46927306,1.015493614160298,move the robot from the lowermost vessel to the right side,0.9718534,-0.23558651,0.955391,-0.1248631,0.9635158181190491,164.41937605850399,118.24741796590388,163.46006002277136
355,118,upper_to_right,Upper → right,episode_20260721_213339_686783,107,78.57296,56.30401,0.99994063,-0.010899535,0.9996014433279078,move the robot from the uppermost vessel to the right side,0.9931526,-0.11682446,1.0878924,0.023571685,1.088147759437561,166.1870968528092,118.48634807392955,165.19300104118884
356,118,return_to_left,Return → left,episode_20260721_212521_611537,18,78.30148,57.713444,-0.8549295,-0.51874423,0.4662945745424138,Go back to the start from the nearest way,-0.969842,-0.24373455,-1.0536319,-0.009202009,1.0536720752716064,166.93836287595332,118.07907884940505,165.77009903267026
357,118,lower_to_right,Lower → right,episode_20260721_213226_274385,55,78.224106,58.265163,0.8830531,-0.46927306,1.015493614160298,move the robot from the lowermost vessel to the right side,0.9718534,-0.23558651,1.0376707,0.050400466,1.0388940572738647,160.7416730839759,118.27011895366013,159.6175089944154
358,119,upper_to_right,Upper → right,episode_20260721_213339_686783,107,78.57296,56.30401,0.99994063,-0.010899535,0.9996014433279078,move the robot from the uppermost vessel to the right side,0.9931526,-0.11682446,1.0125282,-0.114611275,1.0189942121505737,165.0186530314386,117.79342102818191,163.9904270414263
359,119,return_to_left,Return → left,episode_20260721_212521_611537,18,78.30148,57.713444,-0.8549295,-0.51874423,0.4662945745424138,Go back to the start from the nearest way,-0.969842,-0.24373455,-1.0570343,-0.14584945,1.0670489072799683,160.2726939599961,118.09656815603375,159.19612906873226
360,119,lower_to_right,Lower → right,episode_20260721_213226_274385,55,78.224106,58.265163,0.8830531,-0.46927306,1.015493614160298,move the robot from the lowermost vessel to the right side,0.9718534,-0.23558651,1.018736,-0.27036455,1.0540019273757935,165.39450897835195,118.21862799115479,164.01523514650762
361,120,upper_to_right,Upper → right,episode_20260721_213339_686783,107,78.57296,56.30401,0.99994063,-0.010899535,0.9996014433279078,move the robot from the uppermost vessel to the right side,0.9931526,-0.11682446,1.0356648,-0.14026527,1.0451200008392334,163.55107794515789,118.49329597316682,162.56602201610804
362,120,return_to_left,Return → left,episode_20260721_212521_611537,18,78.30148,57.713444,-0.8549295,-0.51874423,0.4662945745424138,Go back to the start from the nearest way,-0.969842,-0.24373455,-1.0256878,-0.10299464,1.0308458805084229,161.79416608065367,118.05667798034847,161.04616993106902
363,120,lower_to_right,Lower → right,episode_20260721_213226_274385,55,78.224106,58.265163,0.8830531,-0.46927306,1.015493614160298,move the robot from the lowermost vessel to the right side,0.9718534,-0.23558651,0.91254836,-0.40112293,0.9968169927597046,159.88770592957735,117.86101898178458,159.0000290889293
364,121,upper_to_right,Upper → right,episode_20260721_213339_686783,107,78.57296,56.30401,0.99994063,-0.010899535,0.9996014433279078,move the robot from the uppermost vessel to the right side,0.9931526,-0.11682446,1.0369611,0.07810224,1.039898157119751,163.6109680403024,117.86621902137995,162.68005198799074
365,121,return_to_left,Return → left,episode_20260721_212521_611537,18,78.30148,57.713444,-0.8549295,-0.51874423,0.4662945745424138,Go back to the start from the nearest way,-0.969842,-0.24373455,-1.0325686,-0.027955644,1.0329469442367554,159.36772618442774,117.83273913897574,158.5407902020961
366,121,lower_to_right,Lower → right,episode_20260721_213226_274385,55,78.224106,58.265163,0.8830531,-0.46927306,1.015493614160298,move the robot from the lowermost vessel to the right side,0.9718534,-0.23558651,1.0437613,-0.018222593,1.0439203977584839,160.0988821592182,118.00565593875945,159.2914059292525
367,122,upper_to_right,Upper → right,episode_20260721_213339_686783,107,78.57296,56.30401,0.99994063,-0.010899535,0.9996014433279078,move the robot from the uppermost vessel to the right side,0.9931526,-0.11682446,0.9877209,0.12531015,0.9956380724906921,165.0704077910632,118.31035488285124,164.19662185944617
368,122,return_to_left,Return → left,episode_20260721_212521_611537,18,78.30148,57.713444,-0.8549295,-0.51874423,0.4662945745424138,Go back to the start from the nearest way,-0.969842,-0.24373455,-0.9037807,-0.41579998,0.9948412775993347,163.79938507452607,117.81198810786009,163.0437378771603
369,122,lower_to_right,Lower → right,episode_20260721_213226_274385,55,78.224106,58.265163,0.8830531,-0.46927306,1.015493614160298,move the robot from the lowermost vessel to the right side,0.9718534,-0.23558651,1.048933,-0.061659075,1.0507436990737915,162.1458320878446,118.29307489097118,161.32108587771654
370,123,upper_to_right,Upper → right,episode_20260721_213339_686783,107,78.57296,56.30401,0.99994063,-0.010899535,0.9996014433279078,move the robot from the uppermost vessel to the right side,0.9931526,-0.11682446,1.0997806,0.16238514,1.1117042303085327,160.93751811422408,118.24612505733967,160.17651185393333
371,123,return_to_left,Return → left,episode_20260721_212521_611537,18,78.30148,57.713444,-0.8549295,-0.51874423,0.4662945745424138,Go back to the start from the nearest way,-0.969842,-0.24373455,-1.018815,-0.046666212,1.0198832750320435,164.86630798317492,118.79967199638486,164.04536087065935
372,123,lower_to_right,Lower → right,episode_20260721_213226_274385,55,78.224106,58.265163,0.8830531,-0.46927306,1.015493614160298,move the robot from the lowermost vessel to the right side,0.9718534,-0.23558651,1.0168585,-0.056421477,1.0184224843978882,159.7503910306841,117.98247508704662,158.97800493985415
373,124,upper_to_right,Upper → right,episode_20260721_213339_686783,107,78.57296,56.30401,0.99994063,-0.010899535,0.9996014433279078,move the robot from the uppermost vessel to the right side,0.9931526,-0.11682446,1.0794433,-0.03653434,1.080061435699463,161.93125094287097,118.3775628451258,161.1856350209564
374,124,return_to_left,Return → left,episode_20260721_212521_611537,18,78.30148,57.713444,-0.8549295,-0.51874423,0.4662945745424138,Go back to the start from the nearest way,-0.969842,-0.24373455,-0.9962138,-0.055791702,0.9977748394012451,161.41668311320245,118.3464431669563,160.6236370280385
375,124,lower_to_right,Lower → right,episode_20260721_213226_274385,55,78.224106,58.265163,0.8830531,-0.46927306,1.015493614160298,move the robot from the lowermost vessel to the right side,0.9718534,-0.23558651,0.0040863957,0.0026199915,0.0048541720025241375,162.93412586674094,117.89440480060875,162.1351600624621
376,125,upper_to_right,Upper → right,episode_20260721_213339_686783,107,78.57296,56.30401,0.99994063,-0.010899535,0.9996014433279078,move the robot from the uppermost vessel to the right side,0.9931526,-0.11682446,0.7518392,-0.58383226,0.9519045948982239,160.0825700443238,117.9314749315381,159.22023402526975
377,125,return_to_left,Return → left,episode_20260721_212521_611537,18,78.30148,57.713444,-0.8549295,-0.51874423,0.4662945745424138,Go back to the start from the nearest way,-0.969842,-0.24373455,-1.0873084,-0.0959619,1.0915348529815674,162.95676492154598,117.74769611656666,162.12870995514095
378,125,lower_to_right,Lower → right,episode_20260721_213226_274385,55,78.224106,58.265163,0.8830531,-0.46927306,1.015493614160298,move the robot from the lowermost vessel to the right side,0.9718534,-0.23558651,0.93043065,-0.24008782,0.9609075784683228,163.8031299225986,117.92557290755212,162.9497439134866
379,126,upper_to_right,Upper → right,episode_20260721_213339_686783,107,78.57296,56.30401,0.99994063,-0.010899535,0.9996014433279078,move the robot from the uppermost vessel to the right side,0.9931526,-0.11682446,1.1045612,0.0921823,1.1084011793136597,166.67635599151254,118.16508299671113,165.81131983548403
380,126,return_to_left,Return → left,episode_20260721_212521_611537,18,78.30148,57.713444,-0.8549295,-0.51874423,0.4662945745424138,Go back to the start from the nearest way,-0.969842,-0.24373455,-1.0495455,-0.18556572,1.0658239126205444,165.37603200413287,118.18996211513877,164.4765860401094
381,126,lower_to_right,Lower → right,episode_20260721_213226_274385,55,78.224106,58.265163,0.8830531,-0.46927306,1.015493614160298,move the robot from the lowermost vessel to the right side,0.9718534,-0.23558651,1.0545897,0.032103527,1.0550782680511475,159.95512786321342,118.20999206975102,159.22014182433486
382,127,upper_to_right,Upper → right,episode_20260721_213339_686783,107,78.57296,56.30401,0.99994063,-0.010899535,0.9996014433279078,move the robot from the uppermost vessel to the right side,0.9931526,-0.11682446,1.0301626,0.04357397,1.0310837030410767,162.0695278979838,117.99845402128994,161.3086718134582
383,127,return_to_left,Return → left,episode_20260721_212521_611537,18,78.30148,57.713444,-0.8549295,-0.51874423,0.4662945745424138,Go back to the start from the nearest way,-0.969842,-0.24373455,-1.0206794,-0.062721975,1.0226047039031982,159.46598001755774,117.79197491705418,158.67029409855604
384,127,lower_to_right,Lower → right,episode_20260721_213226_274385,55,78.224106,58.265163,0.8830531,-0.46927306,1.015493614160298,move the robot from the lowermost vessel to the right side,0.9718534,-0.23558651,0.92083514,-0.28168413,0.9629554748535156,166.05229605920613,117.84844216890633,165.1200200431049
