"Step","ft+openvla-7b+vla_demos_ppo_no_distance_2000+b8+lr-0.0005+lora-r32+dropout-0.0+L1regression+0626 - VLA Train/Curr Action L1 Loss","ft+openvla-7b+vla_demos_ppo_no_distance_2000+b8+lr-0.0005+lora-r32+dropout-0.0+L1regression+0626 - VLA Train/Curr Action L1 Loss__MIN","ft+openvla-7b+vla_demos_ppo_no_distance_2000+b8+lr-0.0005+lora-r32+dropout-0.0+L1regression+0626 - VLA Train/Curr Action L1 Loss__MAX","l1_corner_ft+openvla-7b+vla_demos_ppo_corner_nodeterministic_5000+b8+lr-0.0005+lora-r32+dropout-0.0 - VLA Train/Curr Action L1 Loss","l1_corner_ft+openvla-7b+vla_demos_ppo_corner_nodeterministic_5000+b8+lr-0.0005+lora-r32+dropout-0.0 - VLA Train/Curr Action L1 Loss__MIN","l1_corner_ft+openvla-7b+vla_demos_ppo_corner_nodeterministic_5000+b8+lr-0.0005+lora-r32+dropout-0.0 - VLA Train/Curr Action L1 Loss__MAX","l1_10000_ft+openvla-7b+microenv_ppo_goal6_episode10000_fused+b8+lr-0.0005+lora-r32+dropout-0.0 - VLA Train/Curr Action L1 Loss","l1_10000_ft+openvla-7b+microenv_ppo_goal6_episode10000_fused+b8+lr-0.0005+lora-r32+dropout-0.0 - VLA Train/Curr Action L1 Loss__MIN","l1_10000_ft+openvla-7b+microenv_ppo_goal6_episode10000_fused+b8+lr-0.0005+lora-r32+dropout-0.0 - VLA Train/Curr Action L1 Loss__MAX"
"0","0.207275390625","0.207275390625","0.207275390625","0.91357421875","0.91357421875","0.91357421875","0.99462890625","0.99462890625","0.99462890625"
"10","0.46337890625","0.46337890625","0.46337890625","0.7841796875","0.7841796875","0.7841796875","2.177734375","2.177734375","2.177734375"
"20","1.00830078125","1.00830078125","1.00830078125","0.734619140625","0.734619140625","0.734619140625","0.2218017578125","0.2218017578125","0.2218017578125"
"30","0.5546875","0.5546875","0.5546875","0.718994140625","0.718994140625","0.718994140625","0.386474609375","0.386474609375","0.386474609375"
"40","0.456298828125","0.456298828125","0.456298828125","0.465576171875","0.465576171875","0.465576171875","0.2442626953125","0.2442626953125","0.2442626953125"
"50","0.187255859375","0.187255859375","0.187255859375","0.77001953125","0.77001953125","0.77001953125","0.129058837890625","0.129058837890625","0.129058837890625"
"60","0.171875","0.171875","0.171875","0.670166015625","0.670166015625","0.670166015625","0.473876953125","0.473876953125","0.473876953125"
"70","0.171630859375","0.171630859375","0.171630859375","0.4971923828125","0.4971923828125","0.4971923828125","0.279296875","0.279296875","0.279296875"
"80","0.071319580078125","0.071319580078125","0.071319580078125","0.45196533203125","0.45196533203125","0.45196533203125","0.24139404296875","0.24139404296875","0.24139404296875"
"90","0.33740234375","0.33740234375","0.33740234375","0.6134033203125","0.6134033203125","0.6134033203125","0.1256103515625","0.1256103515625","0.1256103515625"
"100","0.097900390625","0.097900390625","0.097900390625","0.75830078125","0.75830078125","0.75830078125","0.092803955078125","0.092803955078125","0.092803955078125"
"110","0.08392333984375","0.08392333984375","0.08392333984375","0.77490234375","0.77490234375","0.77490234375","0.108184814453125","0.108184814453125","0.108184814453125"
"120","0.45166015625","0.45166015625","0.45166015625","0.6424560546875","0.6424560546875","0.6424560546875","0.098846435546875","0.098846435546875","0.098846435546875"
"130","0.2244873046875","0.2244873046875","0.2244873046875","0.5667724609375","0.5667724609375","0.5667724609375","0.2078857421875","0.2078857421875","0.2078857421875"
"140","0.0758056640625","0.0758056640625","0.0758056640625","0.6712646484375","0.6712646484375","0.6712646484375","0.077972412109375","0.077972412109375","0.077972412109375"
"150","0.2978515625","0.2978515625","0.2978515625","0.64892578125","0.64892578125","0.64892578125","0.1959228515625","0.1959228515625","0.1959228515625"
"160","0.2410888671875","0.2410888671875","0.2410888671875","0.552001953125","0.552001953125","0.552001953125","0.2763671875","0.2763671875","0.2763671875"
"170","0.47900390625","0.47900390625","0.47900390625","0.6357421875","0.6357421875","0.6357421875","0.09375","0.09375","0.09375"
"180","0.11767578125","0.11767578125","0.11767578125","0.86279296875","0.86279296875","0.86279296875","0.1802978515625","0.1802978515625","0.1802978515625"
"190","0.1904296875","0.1904296875","0.1904296875","0.706298828125","0.706298828125","0.706298828125","0.375","0.375","0.375"
"200","0.136474609375","0.136474609375","0.136474609375","0.56201171875","0.56201171875","0.56201171875","0.2755126953125","0.2755126953125","0.2755126953125"
"210","0.286865234375","0.286865234375","0.286865234375","0.560546875","0.560546875","0.560546875","0.1025238037109375","0.1025238037109375","0.1025238037109375"
"220","0.206787109375","0.206787109375","0.206787109375","0.5537109375","0.5537109375","0.5537109375","0.1796875","0.1796875","0.1796875"
"230","0.057037353515625","0.057037353515625","0.057037353515625","0.5517578125","0.5517578125","0.5517578125","0.1412353515625","0.1412353515625","0.1412353515625"
"240","0.1494140625","0.1494140625","0.1494140625","0.631103515625","0.631103515625","0.631103515625","0.1265869140625","0.1265869140625","0.1265869140625"
"250","0.2052001953125","0.2052001953125","0.2052001953125","0.66845703125","0.66845703125","0.66845703125","0.2120361328125","0.2120361328125","0.2120361328125"
"260","0.2159423828125","0.2159423828125","0.2159423828125","0.7333984375","0.7333984375","0.7333984375","0.05509185791015625","0.05509185791015625","0.05509185791015625"
"270","0.2081298828125","0.2081298828125","0.2081298828125","0.59521484375","0.59521484375","0.59521484375","0.12872314453125","0.12872314453125","0.12872314453125"
"280","0.06439208984375","0.06439208984375","0.06439208984375","0.58154296875","0.58154296875","0.58154296875","0.064483642578125","0.064483642578125","0.064483642578125"
"290","0.135986328125","0.135986328125","0.135986328125","0.606201171875","0.606201171875","0.606201171875","0.11102294921875","0.11102294921875","0.11102294921875"
"300","0.1658935546875","0.1658935546875","0.1658935546875","0.544189453125","0.544189453125","0.544189453125","0.337890625","0.337890625","0.337890625"
"310","0.063323974609375","0.063323974609375","0.063323974609375","0.61376953125","0.61376953125","0.61376953125","0.2164306640625","0.2164306640625","0.2164306640625"
"320","0.17425537109375","0.17425537109375","0.17425537109375","0.5654296875","0.5654296875","0.5654296875","0.203369140625","0.203369140625","0.203369140625"
"330","0.051177978515625","0.051177978515625","0.051177978515625","0.637939453125","0.637939453125","0.637939453125","0.177978515625","0.177978515625","0.177978515625"
"340","0.1812744140625","0.1812744140625","0.1812744140625","0.609375","0.609375","0.609375","0.097198486328125","0.097198486328125","0.097198486328125"
"350","0.0499267578125","0.0499267578125","0.0499267578125","0.6435546875","0.6435546875","0.6435546875","0.263427734375","0.263427734375","0.263427734375"
"360","0.046539306640625","0.046539306640625","0.046539306640625","0.59716796875","0.59716796875","0.59716796875","0.05853271484375","0.05853271484375","0.05853271484375"
"370","0.16119384765625","0.16119384765625","0.16119384765625","0.836669921875","0.836669921875","0.836669921875","0.166015625","0.166015625","0.166015625"
"380","0.208251953125","0.208251953125","0.208251953125","0.3736572265625","0.3736572265625","0.3736572265625","0.13055419921875","0.13055419921875","0.13055419921875"
"390","0.092620849609375","0.092620849609375","0.092620849609375","0.578857421875","0.578857421875","0.578857421875","0.06793212890625","0.06793212890625","0.06793212890625"
"400","0.17333984375","0.17333984375","0.17333984375","0.5732421875","0.5732421875","0.5732421875","0.1654052734375","0.1654052734375","0.1654052734375"
"410","0.13116455078125","0.13116455078125","0.13116455078125","0.590576171875","0.590576171875","0.590576171875","0.172607421875","0.172607421875","0.172607421875"
"420","0.2113037109375","0.2113037109375","0.2113037109375","0.6055908203125","0.6055908203125","0.6055908203125","0.084136962890625","0.084136962890625","0.084136962890625"
"430","0.18994140625","0.18994140625","0.18994140625","0.5777587890625","0.5777587890625","0.5777587890625","0.15655517578125","0.15655517578125","0.15655517578125"
"440","0.0684814453125","0.0684814453125","0.0684814453125","0.76708984375","0.76708984375","0.76708984375","0.047943115234375","0.047943115234375","0.047943115234375"
"450","0.1405029296875","0.1405029296875","0.1405029296875","0.583740234375","0.583740234375","0.583740234375","0.12066650390625","0.12066650390625","0.12066650390625"
"460","0.09222412109375","0.09222412109375","0.09222412109375","0.51953125","0.51953125","0.51953125","0.082305908203125","0.082305908203125","0.082305908203125"
"470","0.12017822265625","0.12017822265625","0.12017822265625","0.7548828125","0.7548828125","0.7548828125","0.04998779296875","0.04998779296875","0.04998779296875"
"480","0.1978759765625","0.1978759765625","0.1978759765625","0.5849609375","0.5849609375","0.5849609375","0.08441162109375","0.08441162109375","0.08441162109375"
"490","0.1212158203125","0.1212158203125","0.1212158203125","0.64453125","0.64453125","0.64453125","0.13299560546875","0.13299560546875","0.13299560546875"
"500","0.0682220458984375","0.0682220458984375","0.0682220458984375","0.823974609375","0.823974609375","0.823974609375","0.1541748046875","0.1541748046875","0.1541748046875"
"510","0.1065673828125","0.1065673828125","0.1065673828125","0.592529296875","0.592529296875","0.592529296875","0.1539306640625","0.1539306640625","0.1539306640625"
"520","0.10479736328125","0.10479736328125","0.10479736328125","0.636962890625","0.636962890625","0.636962890625","0.1226806640625","0.1226806640625","0.1226806640625"
"530","0.180908203125","0.180908203125","0.180908203125","0.5616455078125","0.5616455078125","0.5616455078125","0.0665283203125","0.0665283203125","0.0665283203125"
"540","0.1046142578125","0.1046142578125","0.1046142578125","0.642578125","0.642578125","0.642578125","0.14630126953125","0.14630126953125","0.14630126953125"
"550","0.215087890625","0.215087890625","0.215087890625","0.75341796875","0.75341796875","0.75341796875","0.090606689453125","0.090606689453125","0.090606689453125"
"560","0.1246337890625","0.1246337890625","0.1246337890625","0.78564453125","0.78564453125","0.78564453125","0.07958984375","0.07958984375","0.07958984375"
"570","0.05426025390625","0.05426025390625","0.05426025390625","0.552978515625","0.552978515625","0.552978515625","0.13262939453125","0.13262939453125","0.13262939453125"
"580","0.071746826171875","0.071746826171875","0.071746826171875","0.71875","0.71875","0.71875","0.122314453125","0.122314453125","0.122314453125"
"590","0.0948486328125","0.0948486328125","0.0948486328125","0.469482421875","0.469482421875","0.469482421875","0.046661376953125","0.046661376953125","0.046661376953125"
"600","0.0471954345703125","0.0471954345703125","0.0471954345703125","0.64453125","0.64453125","0.64453125","0.14447021484375","0.14447021484375","0.14447021484375"
"610","0.04132080078125","0.04132080078125","0.04132080078125","0.7724609375","0.7724609375","0.7724609375","0.1075439453125","0.1075439453125","0.1075439453125"
"620","0.081451416015625","0.081451416015625","0.081451416015625","0.61328125","0.61328125","0.61328125","0.06231689453125","0.06231689453125","0.06231689453125"
"630","0.08245849609375","0.08245849609375","0.08245849609375","0.5380859375","0.5380859375","0.5380859375","0.0415802001953125","0.0415802001953125","0.0415802001953125"
"640","0.036468505859375","0.036468505859375","0.036468505859375","0.36102294921875","0.36102294921875","0.36102294921875","0.11065673828125","0.11065673828125","0.11065673828125"
"650","0.08001708984375","0.08001708984375","0.08001708984375","0.6732177734375","0.6732177734375","0.6732177734375","0.14459228515625","0.14459228515625","0.14459228515625"
"660","0.12896728515625","0.12896728515625","0.12896728515625","0.653564453125","0.653564453125","0.653564453125","0.16766357421875","0.16766357421875","0.16766357421875"
"670","0.1051025390625","0.1051025390625","0.1051025390625","0.644287109375","0.644287109375","0.644287109375","0.101959228515625","0.101959228515625","0.101959228515625"
"680","0.0641632080078125","0.0641632080078125","0.0641632080078125","0.715576171875","0.715576171875","0.715576171875","0.15594482421875","0.15594482421875","0.15594482421875"
"690","0.0527801513671875","0.0527801513671875","0.0527801513671875","0.6865234375","0.6865234375","0.6865234375","0.1868896484375","0.1868896484375","0.1868896484375"
"700","0.1051025390625","0.1051025390625","0.1051025390625","0.731689453125","0.731689453125","0.731689453125","0.281982421875","0.281982421875","0.281982421875"
"710","0.10284423828125","0.10284423828125","0.10284423828125","0.631591796875","0.631591796875","0.631591796875","0.136962890625","0.136962890625","0.136962890625"
"720","0.058563232421875","0.058563232421875","0.058563232421875","0.682373046875","0.682373046875","0.682373046875","0.10211181640625","0.10211181640625","0.10211181640625"
"730","0.05499267578125","0.05499267578125","0.05499267578125","0.55126953125","0.55126953125","0.55126953125","0.07232666015625","0.07232666015625","0.07232666015625"
"740","0.11541748046875","0.11541748046875","0.11541748046875","0.4638671875","0.4638671875","0.4638671875","0.075469970703125","0.075469970703125","0.075469970703125"
"750","0.072479248046875","0.072479248046875","0.072479248046875","0.719482421875","0.719482421875","0.719482421875","0.11480712890625","0.11480712890625","0.11480712890625"
"760","0.06549072265625","0.06549072265625","0.06549072265625","0.56494140625","0.56494140625","0.56494140625","0.06121826171875","0.06121826171875","0.06121826171875"
"770","0.0274200439453125","0.0274200439453125","0.0274200439453125","0.6591796875","0.6591796875","0.6591796875","0.1082763671875","0.1082763671875","0.1082763671875"
"780","0.0740966796875","0.0740966796875","0.0740966796875","0.628662109375","0.628662109375","0.628662109375","0.1060791015625","0.1060791015625","0.1060791015625"
"790","0.1026611328125","0.1026611328125","0.1026611328125","0.73095703125","0.73095703125","0.73095703125","0.06719970703125","0.06719970703125","0.06719970703125"
"800","0.14044189453125","0.14044189453125","0.14044189453125","0.675537109375","0.675537109375","0.675537109375","0.05718994140625","0.05718994140625","0.05718994140625"
"810","0.0626220703125","0.0626220703125","0.0626220703125","0.547607421875","0.547607421875","0.547607421875","0.0936279296875","0.0936279296875","0.0936279296875"
"820","0.066162109375","0.066162109375","0.066162109375","0.73974609375","0.73974609375","0.73974609375","0.09283447265625","0.09283447265625","0.09283447265625"
"830","0.13018798828125","0.13018798828125","0.13018798828125","0.634033203125","0.634033203125","0.634033203125","0.05340576171875","0.05340576171875","0.05340576171875"
"840","0.0809326171875","0.0809326171875","0.0809326171875","0.432861328125","0.432861328125","0.432861328125","0.0894775390625","0.0894775390625","0.0894775390625"
"850","0.0482330322265625","0.0482330322265625","0.0482330322265625","0.7568359375","0.7568359375","0.7568359375","0.0627593994140625","0.0627593994140625","0.0627593994140625"
"860","0.08856201171875","0.08856201171875","0.08856201171875","0.648681640625","0.648681640625","0.648681640625","0.203369140625","0.203369140625","0.203369140625"
"870","0.11126708984375","0.11126708984375","0.11126708984375","0.742919921875","0.742919921875","0.742919921875","0.12054443359375","0.12054443359375","0.12054443359375"
"880","0.0217132568359375","0.0217132568359375","0.0217132568359375","0.64862060546875","0.64862060546875","0.64862060546875","0.256591796875","0.256591796875","0.256591796875"
"890","0.050048828125","0.050048828125","0.050048828125","0.5037841796875","0.5037841796875","0.5037841796875","0.1802978515625","0.1802978515625","0.1802978515625"
"900","0.051239013671875","0.051239013671875","0.051239013671875","0.564697265625","0.564697265625","0.564697265625","0.12799072265625","0.12799072265625","0.12799072265625"
"910","0.0164794921875","0.0164794921875","0.0164794921875","0.724365234375","0.724365234375","0.724365234375","0.121826171875","0.121826171875","0.121826171875"
"920","0.05731201171875","0.05731201171875","0.05731201171875","0.594970703125","0.594970703125","0.594970703125","0.051300048828125","0.051300048828125","0.051300048828125"
"930","0.08270263671875","0.08270263671875","0.08270263671875","0.590576171875","0.590576171875","0.590576171875","0.08880615234375","0.08880615234375","0.08880615234375"
"940","0.0772705078125","0.0772705078125","0.0772705078125","0.60595703125","0.60595703125","0.60595703125","0.1602783203125","0.1602783203125","0.1602783203125"
"950","0.0906982421875","0.0906982421875","0.0906982421875","0.5714111328125","0.5714111328125","0.5714111328125","0.04461669921875","0.04461669921875","0.04461669921875"
"960","0.049285888671875","0.049285888671875","0.049285888671875","0.640869140625","0.640869140625","0.640869140625","0.07574462890625","0.07574462890625","0.07574462890625"
"970","0.060089111328125","0.060089111328125","0.060089111328125","0.6759033203125","0.6759033203125","0.6759033203125","0.068206787109375","0.068206787109375","0.068206787109375"
"980","0.09869384765625","0.09869384765625","0.09869384765625","0.631591796875","0.631591796875","0.631591796875","0.032318115234375","0.032318115234375","0.032318115234375"
"990","0.04061126708984375","0.04061126708984375","0.04061126708984375","0.722412109375","0.722412109375","0.722412109375","0.16290283203125","0.16290283203125","0.16290283203125"
"1000","0.071624755859375","0.071624755859375","0.071624755859375","0.60693359375","0.60693359375","0.60693359375","0.03070068359375","0.03070068359375","0.03070068359375"
"1010","0.06976318359375","0.06976318359375","0.06976318359375","0.8017578125","0.8017578125","0.8017578125","0.036529541015625","0.036529541015625","0.036529541015625"
"1020","0.08624267578125","0.08624267578125","0.08624267578125","0.503662109375","0.503662109375","0.503662109375","0.06561279296875","0.06561279296875","0.06561279296875"
"1030","0.055877685546875","0.055877685546875","0.055877685546875","0.65972900390625","0.65972900390625","0.65972900390625","0.12744140625","0.12744140625","0.12744140625"
"1040","0.0689239501953125","0.0689239501953125","0.0689239501953125","0.703369140625","0.703369140625","0.703369140625","0.057403564453125","0.057403564453125","0.057403564453125"
"1050","0.04669189453125","0.04669189453125","0.04669189453125","0.583740234375","0.583740234375","0.583740234375","0.0718994140625","0.0718994140625","0.0718994140625"
"1060","0.0623016357421875","0.0623016357421875","0.0623016357421875","0.721923828125","0.721923828125","0.721923828125","0.04705810546875","0.04705810546875","0.04705810546875"
"1070","0.022308349609375","0.022308349609375","0.022308349609375","0.5472412109375","0.5472412109375","0.5472412109375","0.05401611328125","0.05401611328125","0.05401611328125"
"1080","0.0300140380859375","0.0300140380859375","0.0300140380859375","0.6522216796875","0.6522216796875","0.6522216796875","0.0421295166015625","0.0421295166015625","0.0421295166015625"
"1090","0.0579833984375","0.0579833984375","0.0579833984375","0.68231201171875","0.68231201171875","0.68231201171875","0.12158203125","0.12158203125","0.12158203125"
"1100","0.0322723388671875","0.0322723388671875","0.0322723388671875","0.630859375","0.630859375","0.630859375","0.078765869140625","0.078765869140625","0.078765869140625"
"1110","0.063385009765625","0.063385009765625","0.063385009765625","0.6712646484375","0.6712646484375","0.6712646484375","0.035308837890625","0.035308837890625","0.035308837890625"
"1120","0.09576416015625","0.09576416015625","0.09576416015625","0.6641845703125","0.6641845703125","0.6641845703125","0.02899169921875","0.02899169921875","0.02899169921875"
"1130","0.0307159423828125","0.0307159423828125","0.0307159423828125","0.5357666015625","0.5357666015625","0.5357666015625","0.120849609375","0.120849609375","0.120849609375"
"1140","0.076202392578125","0.076202392578125","0.076202392578125","0.70263671875","0.70263671875","0.70263671875","0.01908111572265625","0.01908111572265625","0.01908111572265625"
"1150","0.0629425048828125","0.0629425048828125","0.0629425048828125","0.644287109375","0.644287109375","0.644287109375","0.073028564453125","0.073028564453125","0.073028564453125"
"1160","0.054443359375","0.054443359375","0.054443359375","0.595458984375","0.595458984375","0.595458984375","0.067596435546875","0.067596435546875","0.067596435546875"
"1170","0.0863037109375","0.0863037109375","0.0863037109375","0.6141357421875","0.6141357421875","0.6141357421875","0.0622406005859375","0.0622406005859375","0.0622406005859375"
"1180","0.0880126953125","0.0880126953125","0.0880126953125","0.5863037109375","0.5863037109375","0.5863037109375","0.03070068359375","0.03070068359375","0.03070068359375"
"1190","0.0506591796875","0.0506591796875","0.0506591796875","0.604736328125","0.604736328125","0.604736328125","0.053253173828125","0.053253173828125","0.053253173828125"
"1200","0.065399169921875","0.065399169921875","0.065399169921875","0.74755859375","0.74755859375","0.74755859375","0.11181640625","0.11181640625","0.11181640625"
"1210","0.079498291015625","0.079498291015625","0.079498291015625","0.5087890625","0.5087890625","0.5087890625","0.03363037109375","0.03363037109375","0.03363037109375"
"1220","0.08349609375","0.08349609375","0.08349609375","0.787109375","0.787109375","0.787109375","0.06268310546875","0.06268310546875","0.06268310546875"
"1230","0.060333251953125","0.060333251953125","0.060333251953125","0.630859375","0.630859375","0.630859375","0.096649169921875","0.096649169921875","0.096649169921875"
"1240","0.0253143310546875","0.0253143310546875","0.0253143310546875","0.646728515625","0.646728515625","0.646728515625","0.0279693603515625","0.0279693603515625","0.0279693603515625"
"1250","0.057708740234375","0.057708740234375","0.057708740234375","0.57568359375","0.57568359375","0.57568359375","0.039093017578125","0.039093017578125","0.039093017578125"
"1260","0.0494537353515625","0.0494537353515625","0.0494537353515625","0.73193359375","0.73193359375","0.73193359375","0.10076904296875","0.10076904296875","0.10076904296875"
"1270","0.0660400390625","0.0660400390625","0.0660400390625","0.78662109375","0.78662109375","0.78662109375","0.0253143310546875","0.0253143310546875","0.0253143310546875"
"1280","0.05462646484375","0.05462646484375","0.05462646484375","0.619140625","0.619140625","0.619140625","0.08966064453125","0.08966064453125","0.08966064453125"
"1290","0.067840576171875","0.067840576171875","0.067840576171875","0.4368896484375","0.4368896484375","0.4368896484375","0.0601348876953125","0.0601348876953125","0.0601348876953125"
"1300","0.03159332275390625","0.03159332275390625","0.03159332275390625","0.59033203125","0.59033203125","0.59033203125","0.1279296875","0.1279296875","0.1279296875"
"1310","0.0575408935546875","0.0575408935546875","0.0575408935546875","0.72998046875","0.72998046875","0.72998046875","0.059112548828125","0.059112548828125","0.059112548828125"
"1320","0.1376953125","0.1376953125","0.1376953125","0.805908203125","0.805908203125","0.805908203125","0.0953369140625","0.0953369140625","0.0953369140625"
"1330","0.0550537109375","0.0550537109375","0.0550537109375","0.66552734375","0.66552734375","0.66552734375","0.090179443359375","0.090179443359375","0.090179443359375"
"1340","0.057891845703125","0.057891845703125","0.057891845703125","0.668701171875","0.668701171875","0.668701171875","0.0423431396484375","0.0423431396484375","0.0423431396484375"
"1350","0.053375244140625","0.053375244140625","0.053375244140625","0.635986328125","0.635986328125","0.635986328125","0.03155517578125","0.03155517578125","0.03155517578125"
"1360","0.0462493896484375","0.0462493896484375","0.0462493896484375","0.570556640625","0.570556640625","0.570556640625","0.0792236328125","0.0792236328125","0.0792236328125"
"1370","0.07244873046875","0.07244873046875","0.07244873046875","0.822265625","0.822265625","0.822265625","0.075439453125","0.075439453125","0.075439453125"
"1380","0.034515380859375","0.034515380859375","0.034515380859375","0.5028076171875","0.5028076171875","0.5028076171875","0.0408477783203125","0.0408477783203125","0.0408477783203125"
"1390","0.10198974609375","0.10198974609375","0.10198974609375","0.8515625","0.8515625","0.8515625","0.058074951171875","0.058074951171875","0.058074951171875"
"1400","0.074920654296875","0.074920654296875","0.074920654296875","0.759521484375","0.759521484375","0.759521484375","0.08612060546875","0.08612060546875","0.08612060546875"
"1410","0.0352630615234375","0.0352630615234375","0.0352630615234375","0.493896484375","0.493896484375","0.493896484375","0.04229736328125","0.04229736328125","0.04229736328125"
"1420","0.0897216796875","0.0897216796875","0.0897216796875","0.63330078125","0.63330078125","0.63330078125","0.03636932373046875","0.03636932373046875","0.03636932373046875"
"1430","0.02463531494140625","0.02463531494140625","0.02463531494140625","0.8115234375","0.8115234375","0.8115234375","0.06103515625","0.06103515625","0.06103515625"
"1440","0.033935546875","0.033935546875","0.033935546875","0.654052734375","0.654052734375","0.654052734375","0.047271728515625","0.047271728515625","0.047271728515625"
"1450","0.037384033203125","0.037384033203125","0.037384033203125","0.673828125","0.673828125","0.673828125","0.106689453125","0.106689453125","0.106689453125"
"1460","0.060943603515625","0.060943603515625","0.060943603515625","0.53564453125","0.53564453125","0.53564453125","0.0272979736328125","0.0272979736328125","0.0272979736328125"
"1470","0.04315185546875","0.04315185546875","0.04315185546875","0.705322265625","0.705322265625","0.705322265625","0.0471038818359375","0.0471038818359375","0.0471038818359375"
"1480","0.05615234375","0.05615234375","0.05615234375","0.622314453125","0.622314453125","0.622314453125","0.040771484375","0.040771484375","0.040771484375"
"1490","0.026580810546875","0.026580810546875","0.026580810546875","0.6708984375","0.6708984375","0.6708984375","0.016204833984375","0.016204833984375","0.016204833984375"
"1500","0.04892730712890625","0.04892730712890625","0.04892730712890625","0.66748046875","0.66748046875","0.66748046875","0.0381927490234375","0.0381927490234375","0.0381927490234375"
"1510","0.056060791015625","0.056060791015625","0.056060791015625","0.6015625","0.6015625","0.6015625","0.067169189453125","0.067169189453125","0.067169189453125"
"1520","0.06964111328125","0.06964111328125","0.06964111328125","0.689697265625","0.689697265625","0.689697265625","0.032867431640625","0.032867431640625","0.032867431640625"
"1530","0.056549072265625","0.056549072265625","0.056549072265625","0.59716796875","0.59716796875","0.59716796875","0.039459228515625","0.039459228515625","0.039459228515625"
"1540","0.039642333984375","0.039642333984375","0.039642333984375","0.67236328125","0.67236328125","0.67236328125","0.02826690673828125","0.02826690673828125","0.02826690673828125"
"1550","0.0504302978515625","0.0504302978515625","0.0504302978515625","0.63525390625","0.63525390625","0.63525390625","0.0362548828125","0.0362548828125","0.0362548828125"
"1560","0.101348876953125","0.101348876953125","0.101348876953125","0.760986328125","0.760986328125","0.760986328125","0.0491180419921875","0.0491180419921875","0.0491180419921875"
"1570","0.0888671875","0.0888671875","0.0888671875","0.58203125","0.58203125","0.58203125","0.02050018310546875","0.02050018310546875","0.02050018310546875"
"1580","0.072235107421875","0.072235107421875","0.072235107421875","0.7332763671875","0.7332763671875","0.7332763671875","0.04461669921875","0.04461669921875","0.04461669921875"
"1590","0.044891357421875","0.044891357421875","0.044891357421875","0.548095703125","0.548095703125","0.548095703125","0.039794921875","0.039794921875","0.039794921875"
"1600","0.0463409423828125","0.0463409423828125","0.0463409423828125","0.658203125","0.658203125","0.658203125","0.060455322265625","0.060455322265625","0.060455322265625"
"1610","0.0403594970703125","0.0403594970703125","0.0403594970703125","0.5611572265625","0.5611572265625","0.5611572265625","0.033660888671875","0.033660888671875","0.033660888671875"
"1620","0.0679931640625","0.0679931640625","0.0679931640625","0.42071533203125","0.42071533203125","0.42071533203125","0.0263519287109375","0.0263519287109375","0.0263519287109375"
"1630","0.06634521484375","0.06634521484375","0.06634521484375","0.61279296875","0.61279296875","0.61279296875","0.02988433837890625","0.02988433837890625","0.02988433837890625"
"1640","0.0524749755859375","0.0524749755859375","0.0524749755859375","0.3929443359375","0.3929443359375","0.3929443359375","0.03055572509765625","0.03055572509765625","0.03055572509765625"
"1650","0.067474365234375","0.067474365234375","0.067474365234375","0.5045166015625","0.5045166015625","0.5045166015625","0.032806396484375","0.032806396484375","0.032806396484375"
"1660","0.02397918701171875","0.02397918701171875","0.02397918701171875","0.4947509765625","0.4947509765625","0.4947509765625","0.037628173828125","0.037628173828125","0.037628173828125"
"1670","0.042236328125","0.042236328125","0.042236328125","0.588623046875","0.588623046875","0.588623046875","0.05914306640625","0.05914306640625","0.05914306640625"
"1680","0.038848876953125","0.038848876953125","0.038848876953125","0.67138671875","0.67138671875","0.67138671875","0.019256591796875","0.019256591796875","0.019256591796875"
"1690","0.051483154296875","0.051483154296875","0.051483154296875","0.6025390625","0.6025390625","0.6025390625","0.02178955078125","0.02178955078125","0.02178955078125"
"1700","0.10968017578125","0.10968017578125","0.10968017578125","0.50048828125","0.50048828125","0.50048828125","0.016529083251953125","0.016529083251953125","0.016529083251953125"
"1710","0.069427490234375","0.069427490234375","0.069427490234375","0.5423583984375","0.5423583984375","0.5423583984375","0.027862548828125","0.027862548828125","0.027862548828125"
"1720","0.044403076171875","0.044403076171875","0.044403076171875","0.5513916015625","0.5513916015625","0.5513916015625","0.011199951171875","0.011199951171875","0.011199951171875"
"1730","0.0397796630859375","0.0397796630859375","0.0397796630859375","0.6495361328125","0.6495361328125","0.6495361328125","0.020114898681640625","0.020114898681640625","0.020114898681640625"
"1740","0.02606678009033203","0.02606678009033203","0.02606678009033203","0.52679443359375","0.52679443359375","0.52679443359375","0.01752471923828125","0.01752471923828125","0.01752471923828125"
"1750","0.0625","0.0625","0.0625","0.59423828125","0.59423828125","0.59423828125","0.013668060302734375","0.013668060302734375","0.013668060302734375"
"1760","0.02915191650390625","0.02915191650390625","0.02915191650390625","0.621826171875","0.621826171875","0.621826171875","0.046478271484375","0.046478271484375","0.046478271484375"
"1770","0.0300445556640625","0.0300445556640625","0.0300445556640625","0.71240234375","0.71240234375","0.71240234375","0.04290771484375","0.04290771484375","0.04290771484375"
"1780","0.0507049560546875","0.0507049560546875","0.0507049560546875","0.700439453125","0.700439453125","0.700439453125","0.02392578125","0.02392578125","0.02392578125"
"1790","0.02816009521484375","0.02816009521484375","0.02816009521484375","0.6103515625","0.6103515625","0.6103515625","0.0275726318359375","0.0275726318359375","0.0275726318359375"
"1800","0.0207977294921875","0.0207977294921875","0.0207977294921875","0.7171630859375","0.7171630859375","0.7171630859375","0.0350189208984375","0.0350189208984375","0.0350189208984375"
"1810","0.04229736328125","0.04229736328125","0.04229736328125","0.628662109375","0.628662109375","0.628662109375","0.02054595947265625","0.02054595947265625","0.02054595947265625"
"1820","0.02964019775390625","0.02964019775390625","0.02964019775390625","0.66064453125","0.66064453125","0.66064453125","0.022167205810546875","0.022167205810546875","0.022167205810546875"
"1830","0.04230499267578125","0.04230499267578125","0.04230499267578125","0.68536376953125","0.68536376953125","0.68536376953125","0.03864288330078125","0.03864288330078125","0.03864288330078125"
"1840","0.06097412109375","0.06097412109375","0.06097412109375","0.45458984375","0.45458984375","0.45458984375","0.033660888671875","0.033660888671875","0.033660888671875"
"1850","0.02532958984375","0.02532958984375","0.02532958984375","0.50927734375","0.50927734375","0.50927734375","0.0260772705078125","0.0260772705078125","0.0260772705078125"
"1860","0.0568084716796875","0.0568084716796875","0.0568084716796875","0.67041015625","0.67041015625","0.67041015625","0.017551422119140625","0.017551422119140625","0.017551422119140625"
"1870","0.046234130859375","0.046234130859375","0.046234130859375","0.46685791015625","0.46685791015625","0.46685791015625","0.02265167236328125","0.02265167236328125","0.02265167236328125"
"1880","0.04693603515625","0.04693603515625","0.04693603515625","0.53363037109375","0.53363037109375","0.53363037109375","0.026458740234375","0.026458740234375","0.026458740234375"
"1890","0.0322265625","0.0322265625","0.0322265625","0.48828125","0.48828125","0.48828125","0.01904296875","0.01904296875","0.01904296875"
"1900","0.070281982421875","0.070281982421875","0.070281982421875","0.50830078125","0.50830078125","0.50830078125","0.0409393310546875","0.0409393310546875","0.0409393310546875"
"1910","0.07073974609375","0.07073974609375","0.07073974609375","0.63427734375","0.63427734375","0.63427734375","0.03265380859375","0.03265380859375","0.03265380859375"
"1920","0.029693603515625","0.029693603515625","0.029693603515625","0.586181640625","0.586181640625","0.586181640625","0.0420074462890625","0.0420074462890625","0.0420074462890625"
"1930","0.046661376953125","0.046661376953125","0.046661376953125","0.681884765625","0.681884765625","0.681884765625","0.03143310546875","0.03143310546875","0.03143310546875"
"1940","0.07550048828125","0.07550048828125","0.07550048828125","0.636474609375","0.636474609375","0.636474609375","0.027252197265625","0.027252197265625","0.027252197265625"
"1950","0.0338592529296875","0.0338592529296875","0.0338592529296875","0.73486328125","0.73486328125","0.73486328125","0.0442352294921875","0.0442352294921875","0.0442352294921875"
"1960","0.0285491943359375","0.0285491943359375","0.0285491943359375","0.59326171875","0.59326171875","0.59326171875","0.078857421875","0.078857421875","0.078857421875"
"1970","0.058563232421875","0.058563232421875","0.058563232421875","0.4820556640625","0.4820556640625","0.4820556640625","0.028472900390625","0.028472900390625","0.028472900390625"
"1980","0.060333251953125","0.060333251953125","0.060333251953125","0.5147705078125","0.5147705078125","0.5147705078125","0.03662109375","0.03662109375","0.03662109375"
"1990","0.11968994140625","0.11968994140625","0.11968994140625","0.502197265625","0.502197265625","0.502197265625","0.0272216796875","0.0272216796875","0.0272216796875"
"2000","0.0328216552734375","0.0328216552734375","0.0328216552734375","0.574462890625","0.574462890625","0.574462890625","0.01233673095703125","0.01233673095703125","0.01233673095703125"
"2010","0.05841064453125","0.05841064453125","0.05841064453125","0.71240234375","0.71240234375","0.71240234375","0.017894744873046875","0.017894744873046875","0.017894744873046875"
"2020","0.0382537841796875","0.0382537841796875","0.0382537841796875","0.660888671875","0.660888671875","0.660888671875","0.0200042724609375","0.0200042724609375","0.0200042724609375"
"2030","0.0348968505859375","0.0348968505859375","0.0348968505859375","0.5543212890625","0.5543212890625","0.5543212890625","0.02233123779296875","0.02233123779296875","0.02233123779296875"
"2040","0.028820037841796875","0.028820037841796875","0.028820037841796875","0.632568359375","0.632568359375","0.632568359375","0.034820556640625","0.034820556640625","0.034820556640625"
"2050","0.042388916015625","0.042388916015625","0.042388916015625","0.60693359375","0.60693359375","0.60693359375","0.0286407470703125","0.0286407470703125","0.0286407470703125"
"2060","0.01680755615234375","0.01680755615234375","0.01680755615234375","0.714111328125","0.714111328125","0.714111328125","0.0546722412109375","0.0546722412109375","0.0546722412109375"
"2070","0.04656982421875","0.04656982421875","0.04656982421875","0.5081787109375","0.5081787109375","0.5081787109375","0.0293426513671875","0.0293426513671875","0.0293426513671875"
"2080","0.020233154296875","0.020233154296875","0.020233154296875","0.7666015625","0.7666015625","0.7666015625","0.0234527587890625","0.0234527587890625","0.0234527587890625"
"2090","0.04248809814453125","0.04248809814453125","0.04248809814453125","0.5535888671875","0.5535888671875","0.5535888671875","0.0192718505859375","0.0192718505859375","0.0192718505859375"
"2100","0.03139495849609375","0.03139495849609375","0.03139495849609375","0.7001953125","0.7001953125","0.7001953125","0.020599365234375","0.020599365234375","0.020599365234375"
"2110","0.022308349609375","0.022308349609375","0.022308349609375","0.575439453125","0.575439453125","0.575439453125","0.0335845947265625","0.0335845947265625","0.0335845947265625"
"2120","0.071319580078125","0.071319580078125","0.071319580078125","0.632568359375","0.632568359375","0.632568359375","0.0322265625","0.0322265625","0.0322265625"
"2130","0.0386810302734375","0.0386810302734375","0.0386810302734375","0.619873046875","0.619873046875","0.619873046875","0.02392578125","0.02392578125","0.02392578125"
"2140","0.06805419921875","0.06805419921875","0.06805419921875","0.619140625","0.619140625","0.619140625","0.013702392578125","0.013702392578125","0.013702392578125"
"2150","0.068634033203125","0.068634033203125","0.068634033203125","0.5006103515625","0.5006103515625","0.5006103515625","0.0281524658203125","0.0281524658203125","0.0281524658203125"
"2160","0.055755615234375","0.055755615234375","0.055755615234375","0.84033203125","0.84033203125","0.84033203125","0.0231475830078125","0.0231475830078125","0.0231475830078125"
"2170","0.02278900146484375","0.02278900146484375","0.02278900146484375","0.6171875","0.6171875","0.6171875","0.0229644775390625","0.0229644775390625","0.0229644775390625"
"2180","0.0314788818359375","0.0314788818359375","0.0314788818359375","0.79833984375","0.79833984375","0.79833984375","0.01038360595703125","0.01038360595703125","0.01038360595703125"
"2190","0.05059814453125","0.05059814453125","0.05059814453125","0.635498046875","0.635498046875","0.635498046875","0.035369873046875","0.035369873046875","0.035369873046875"
"2200","0.0254974365234375","0.0254974365234375","0.0254974365234375","0.78125","0.78125","0.78125","0.0440673828125","0.0440673828125","0.0440673828125"
"2210","0.0449981689453125","0.0449981689453125","0.0449981689453125","0.5302734375","0.5302734375","0.5302734375","0.034454345703125","0.034454345703125","0.034454345703125"
"2220","0.037811279296875","0.037811279296875","0.037811279296875","0.729736328125","0.729736328125","0.729736328125","0.014247894287109375","0.014247894287109375","0.014247894287109375"
"2230","0.0506134033203125","0.0506134033203125","0.0506134033203125","0.65423583984375","0.65423583984375","0.65423583984375","0.024658203125","0.024658203125","0.024658203125"
"2240","0.06097412109375","0.06097412109375","0.06097412109375","0.585205078125","0.585205078125","0.585205078125","0.02011871337890625","0.02011871337890625","0.02011871337890625"
"2250","0.0576019287109375","0.0576019287109375","0.0576019287109375","0.533721923828125","0.533721923828125","0.533721923828125","0.01207733154296875","0.01207733154296875","0.01207733154296875"
"2260","0.05462646484375","0.05462646484375","0.05462646484375","0.688720703125","0.688720703125","0.688720703125","0.02698516845703125","0.02698516845703125","0.02698516845703125"
"2270","0.042079925537109375","0.042079925537109375","0.042079925537109375","0.6064453125","0.6064453125","0.6064453125","0.037322998046875","0.037322998046875","0.037322998046875"
"2280","0.040740966796875","0.040740966796875","0.040740966796875","0.72607421875","0.72607421875","0.72607421875","0.02457427978515625","0.02457427978515625","0.02457427978515625"
"2290","0.04522705078125","0.04522705078125","0.04522705078125","0.580810546875","0.580810546875","0.580810546875","0.027435302734375","0.027435302734375","0.027435302734375"
"2300","0.032604217529296875","0.032604217529296875","0.032604217529296875","0.6007080078125","0.6007080078125","0.6007080078125","0.02626800537109375","0.02626800537109375","0.02626800537109375"
"2310","0.0353851318359375","0.0353851318359375","0.0353851318359375","0.5302734375","0.5302734375","0.5302734375","0.0211639404296875","0.0211639404296875","0.0211639404296875"
"2320","0.034149169921875","0.034149169921875","0.034149169921875","0.7236328125","0.7236328125","0.7236328125","0.03167724609375","0.03167724609375","0.03167724609375"
"2330","0.0307159423828125","0.0307159423828125","0.0307159423828125","0.54248046875","0.54248046875","0.54248046875","0.045989990234375","0.045989990234375","0.045989990234375"
"2340","0.047637939453125","0.047637939453125","0.047637939453125","0.492919921875","0.492919921875","0.492919921875","0.021514892578125","0.021514892578125","0.021514892578125"
"2350","0.0394287109375","0.0394287109375","0.0394287109375","0.65087890625","0.65087890625","0.65087890625","0.019317626953125","0.019317626953125","0.019317626953125"
"2360","0.02960205078125","0.02960205078125","0.02960205078125","0.605224609375","0.605224609375","0.605224609375","0.0254364013671875","0.0254364013671875","0.0254364013671875"
"2370","0.0270843505859375","0.0270843505859375","0.0270843505859375","0.596923828125","0.596923828125","0.596923828125","0.050994873046875","0.050994873046875","0.050994873046875"
"2380","0.04169464111328125","0.04169464111328125","0.04169464111328125","0.6611328125","0.6611328125","0.6611328125","0.0232086181640625","0.0232086181640625","0.0232086181640625"
"2390","0.0283660888671875","0.0283660888671875","0.0283660888671875","0.587646484375","0.587646484375","0.587646484375","0.019622802734375","0.019622802734375","0.019622802734375"
"2400","0.03768157958984375","0.03768157958984375","0.03768157958984375","0.708740234375","0.708740234375","0.708740234375","0.0431671142578125","0.0431671142578125","0.0431671142578125"
"2410","0.044464111328125","0.044464111328125","0.044464111328125","0.57177734375","0.57177734375","0.57177734375","0.0244140625","0.0244140625","0.0244140625"
"2420","0.022735595703125","0.022735595703125","0.022735595703125","0.71337890625","0.71337890625","0.71337890625","0.008647918701171875","0.008647918701171875","0.008647918701171875"
"2430","0.029754638671875","0.029754638671875","0.029754638671875","0.42529296875","0.42529296875","0.42529296875","0.0166778564453125","0.0166778564453125","0.0166778564453125"
"2440","0.0576019287109375","0.0576019287109375","0.0576019287109375","0.70751953125","0.70751953125","0.70751953125","0.01940155029296875","0.01940155029296875","0.01940155029296875"
"2450","0.04100799560546875","0.04100799560546875","0.04100799560546875","0.5308837890625","0.5308837890625","0.5308837890625","0.01624298095703125","0.01624298095703125","0.01624298095703125"
"2460","0.0279541015625","0.0279541015625","0.0279541015625","0.69287109375","0.69287109375","0.69287109375","0.02219390869140625","0.02219390869140625","0.02219390869140625"
"2470","0.025482177734375","0.025482177734375","0.025482177734375","0.595458984375","0.595458984375","0.595458984375","0.0178680419921875","0.0178680419921875","0.0178680419921875"
"2480","0.0309906005859375","0.0309906005859375","0.0309906005859375","0.572998046875","0.572998046875","0.572998046875","0.02985382080078125","0.02985382080078125","0.02985382080078125"
"2490","0.021240234375","0.021240234375","0.021240234375","0.7109375","0.7109375","0.7109375","0.022552490234375","0.022552490234375","0.022552490234375"
"2500","0.017791748046875","0.017791748046875","0.017791748046875","0.666015625","0.666015625","0.666015625","0.01471710205078125","0.01471710205078125","0.01471710205078125"
"2510","0.0248260498046875","0.0248260498046875","0.0248260498046875","0.576904296875","0.576904296875","0.576904296875","0.016452789306640625","0.016452789306640625","0.016452789306640625"
"2520","0.03757476806640625","0.03757476806640625","0.03757476806640625","0.695068359375","0.695068359375","0.695068359375","0.0388641357421875","0.0388641357421875","0.0388641357421875"
"2530","0.058925628662109375","0.058925628662109375","0.058925628662109375","0.607177734375","0.607177734375","0.607177734375","0.033721923828125","0.033721923828125","0.033721923828125"
"2540","0.055145263671875","0.055145263671875","0.055145263671875","0.6865234375","0.6865234375","0.6865234375","0.02176666259765625","0.02176666259765625","0.02176666259765625"
"2550","0.049591064453125","0.049591064453125","0.049591064453125","0.537109375","0.537109375","0.537109375","0.02227783203125","0.02227783203125","0.02227783203125"
"2560","0.04400634765625","0.04400634765625","0.04400634765625","0.636962890625","0.636962890625","0.636962890625","0.015216827392578125","0.015216827392578125","0.015216827392578125"
"2570","0.0620269775390625","0.0620269775390625","0.0620269775390625","0.469482421875","0.469482421875","0.469482421875","0.02083587646484375","0.02083587646484375","0.02083587646484375"
"2580","0.0570526123046875","0.0570526123046875","0.0570526123046875","0.7247314453125","0.7247314453125","0.7247314453125","0.0341033935546875","0.0341033935546875","0.0341033935546875"
"2590","0.019378662109375","0.019378662109375","0.019378662109375","0.58135986328125","0.58135986328125","0.58135986328125","0.045501708984375","0.045501708984375","0.045501708984375"
"2600","0.04523468017578125","0.04523468017578125","0.04523468017578125","0.76953125","0.76953125","0.76953125","0.0252838134765625","0.0252838134765625","0.0252838134765625"
"2610","0.051971435546875","0.051971435546875","0.051971435546875","0.588134765625","0.588134765625","0.588134765625","0.01811981201171875","0.01811981201171875","0.01811981201171875"
"2620","0.03924560546875","0.03924560546875","0.03924560546875","0.671875","0.671875","0.671875","0.0199432373046875","0.0199432373046875","0.0199432373046875"
"2630","0.02021026611328125","0.02021026611328125","0.02021026611328125","0.66748046875","0.66748046875","0.66748046875","0.01958465576171875","0.01958465576171875","0.01958465576171875"
"2640","0.0159454345703125","0.0159454345703125","0.0159454345703125","0.645263671875","0.645263671875","0.645263671875","0.037872314453125","0.037872314453125","0.037872314453125"
"2650","0.037078857421875","0.037078857421875","0.037078857421875","0.576904296875","0.576904296875","0.576904296875","0.02535247802734375","0.02535247802734375","0.02535247802734375"
"2660","0.006198883056640625","0.006198883056640625","0.006198883056640625","0.71173095703125","0.71173095703125","0.71173095703125","0.01364898681640625","0.01364898681640625","0.01364898681640625"
"2670","0.0374298095703125","0.0374298095703125","0.0374298095703125","0.600830078125","0.600830078125","0.600830078125","0.019500732421875","0.019500732421875","0.019500732421875"
"2680","0.047637939453125","0.047637939453125","0.047637939453125","0.707275390625","0.707275390625","0.707275390625","0.019317626953125","0.019317626953125","0.019317626953125"
"2690","0.052947998046875","0.052947998046875","0.052947998046875","0.6334228515625","0.6334228515625","0.6334228515625","0.01978302001953125","0.01978302001953125","0.01978302001953125"
"2700","0.04851531982421875","0.04851531982421875","0.04851531982421875","0.8212890625","0.8212890625","0.8212890625","0.01448822021484375","0.01448822021484375","0.01448822021484375"
"2710","0.05374908447265625","0.05374908447265625","0.05374908447265625","0.4832763671875","0.4832763671875","0.4832763671875","0.01915740966796875","0.01915740966796875","0.01915740966796875"
"2720","0.02239990234375","0.02239990234375","0.02239990234375","0.548095703125","0.548095703125","0.548095703125","0.03106689453125","0.03106689453125","0.03106689453125"
"2730","0.0361480712890625","0.0361480712890625","0.0361480712890625","0.6708984375","0.6708984375","0.6708984375","0.015438079833984375","0.015438079833984375","0.015438079833984375"
"2740","0.0222930908203125","0.0222930908203125","0.0222930908203125","0.48095703125","0.48095703125","0.48095703125","0.009546279907226562","0.009546279907226562","0.009546279907226562"
"2750","0.0290069580078125","0.0290069580078125","0.0290069580078125","0.6630859375","0.6630859375","0.6630859375","0.017669677734375","0.017669677734375","0.017669677734375"
"2760","0.034454345703125","0.034454345703125","0.034454345703125","0.671630859375","0.671630859375","0.671630859375","0.01296234130859375","0.01296234130859375","0.01296234130859375"
"2770","0.030731201171875","0.030731201171875","0.030731201171875","0.65283203125","0.65283203125","0.65283203125","0.0318450927734375","0.0318450927734375","0.0318450927734375"
"2780","0.03803253173828125","0.03803253173828125","0.03803253173828125","0.69293212890625","0.69293212890625","0.69293212890625","0.02069091796875","0.02069091796875","0.02069091796875"
"2790","0.0652008056640625","0.0652008056640625","0.0652008056640625","0.77587890625","0.77587890625","0.77587890625","0.013031005859375","0.013031005859375","0.013031005859375"
"2800","0.05914306640625","0.05914306640625","0.05914306640625","0.684814453125","0.684814453125","0.684814453125","0.0189666748046875","0.0189666748046875","0.0189666748046875"
"2810","0.041168212890625","0.041168212890625","0.041168212890625","0.6064453125","0.6064453125","0.6064453125","0.026123046875","0.026123046875","0.026123046875"
"2820","0.0396881103515625","0.0396881103515625","0.0396881103515625","0.6767578125","0.6767578125","0.6767578125","0.0207977294921875","0.0207977294921875","0.0207977294921875"
"2830","0.0555572509765625","0.0555572509765625","0.0555572509765625","0.68896484375","0.68896484375","0.68896484375","0.01676177978515625","0.01676177978515625","0.01676177978515625"
"2840","0.0370025634765625","0.0370025634765625","0.0370025634765625","0.554443359375","0.554443359375","0.554443359375","0.01757049560546875","0.01757049560546875","0.01757049560546875"
"2850","0.0240631103515625","0.0240631103515625","0.0240631103515625","0.6033935546875","0.6033935546875","0.6033935546875","0.01787567138671875","0.01787567138671875","0.01787567138671875"
"2860","0.035552978515625","0.035552978515625","0.035552978515625","0.835205078125","0.835205078125","0.835205078125","0.0111083984375","0.0111083984375","0.0111083984375"
"2870","0.0546875","0.0546875","0.0546875","0.55126953125","0.55126953125","0.55126953125","0.01958465576171875","0.01958465576171875","0.01958465576171875"
"2880","0.03569793701171875","0.03569793701171875","0.03569793701171875","0.594970703125","0.594970703125","0.594970703125","0.01966094970703125","0.01966094970703125","0.01966094970703125"
"2890","0.0585784912109375","0.0585784912109375","0.0585784912109375","0.60595703125","0.60595703125","0.60595703125","0.0239410400390625","0.0239410400390625","0.0239410400390625"
"2900","0.03368377685546875","0.03368377685546875","0.03368377685546875","0.631103515625","0.631103515625","0.631103515625","0.0211181640625","0.0211181640625","0.0211181640625"
"2910","0.029998779296875","0.029998779296875","0.029998779296875","0.5830078125","0.5830078125","0.5830078125","0.02080535888671875","0.02080535888671875","0.02080535888671875"
"2920","0.020843505859375","0.020843505859375","0.020843505859375","0.716552734375","0.716552734375","0.716552734375","0.01711273193359375","0.01711273193359375","0.01711273193359375"
"2930","0.03728485107421875","0.03728485107421875","0.03728485107421875","0.625","0.625","0.625","0.01361083984375","0.01361083984375","0.01361083984375"
"2940","0.02410888671875","0.02410888671875","0.02410888671875","0.6611328125","0.6611328125","0.6611328125","0.01187896728515625","0.01187896728515625","0.01187896728515625"
"2950","0.046173095703125","0.046173095703125","0.046173095703125","0.56640625","0.56640625","0.56640625","0.02115631103515625","0.02115631103515625","0.02115631103515625"
"2960","0.045257568359375","0.045257568359375","0.045257568359375","0.6856689453125","0.6856689453125","0.6856689453125","0.0256500244140625","0.0256500244140625","0.0256500244140625"
"2970","0.0228729248046875","0.0228729248046875","0.0228729248046875","0.6971435546875","0.6971435546875","0.6971435546875","0.01291656494140625","0.01291656494140625","0.01291656494140625"
"2980","0.04874420166015625","0.04874420166015625","0.04874420166015625","0.670654296875","0.670654296875","0.670654296875","0.01317596435546875","0.01317596435546875","0.01317596435546875"
"2990","0.032958984375","0.032958984375","0.032958984375","0.65625","0.65625","0.65625","0.01467132568359375","0.01467132568359375","0.01467132568359375"
"3000","0.034637451171875","0.034637451171875","0.034637451171875","0.549560546875","0.549560546875","0.549560546875","0.01807403564453125","0.01807403564453125","0.01807403564453125"
"3010","0.03105926513671875","0.03105926513671875","0.03105926513671875","0.6055908203125","0.6055908203125","0.6055908203125","0.0094757080078125","0.0094757080078125","0.0094757080078125"
"3020","0.0264892578125","0.0264892578125","0.0264892578125","0.6688232421875","0.6688232421875","0.6688232421875","0.0164031982421875","0.0164031982421875","0.0164031982421875"
"3030","0.03045654296875","0.03045654296875","0.03045654296875","0.55908203125","0.55908203125","0.55908203125","0.01708984375","0.01708984375","0.01708984375"
"3040","0.0406646728515625","0.0406646728515625","0.0406646728515625","0.6181640625","0.6181640625","0.6181640625","0.0261077880859375","0.0261077880859375","0.0261077880859375"
"3050","0.040740966796875","0.040740966796875","0.040740966796875","0.64691162109375","0.64691162109375","0.64691162109375","0.01004791259765625","0.01004791259765625","0.01004791259765625"
"3060","0.019683837890625","0.019683837890625","0.019683837890625","0.4691162109375","0.4691162109375","0.4691162109375","0.0253143310546875","0.0253143310546875","0.0253143310546875"
"3070","0.018848419189453125","0.018848419189453125","0.018848419189453125","0.611083984375","0.611083984375","0.611083984375","0.01346588134765625","0.01346588134765625","0.01346588134765625"
"3080","0.0313262939453125","0.0313262939453125","0.0313262939453125","0.51690673828125","0.51690673828125","0.51690673828125","0.021209716796875","0.021209716796875","0.021209716796875"
"3090","0.03033447265625","0.03033447265625","0.03033447265625","0.5811767578125","0.5811767578125","0.5811767578125","0.02019500732421875","0.02019500732421875","0.02019500732421875"
"3100","0.01975250244140625","0.01975250244140625","0.01975250244140625","0.55126953125","0.55126953125","0.55126953125","0.0105438232421875","0.0105438232421875","0.0105438232421875"
"3110","0.0555572509765625","0.0555572509765625","0.0555572509765625","0.85107421875","0.85107421875","0.85107421875","0.01592254638671875","0.01592254638671875","0.01592254638671875"
"3120","0.02172088623046875","0.02172088623046875","0.02172088623046875","0.420654296875","0.420654296875","0.420654296875","0.011566162109375","0.011566162109375","0.011566162109375"
"3130","0.015966415405273438","0.015966415405273438","0.015966415405273438","0.695068359375","0.695068359375","0.695068359375","0.035430908203125","0.035430908203125","0.035430908203125"
"3140","0.082061767578125","0.082061767578125","0.082061767578125","0.595458984375","0.595458984375","0.595458984375","0.0169525146484375","0.0169525146484375","0.0169525146484375"
"3150","0.02094268798828125","0.02094268798828125","0.02094268798828125","0.72412109375","0.72412109375","0.72412109375","0.00873422622680664","0.00873422622680664","0.00873422622680664"
"3160","0.043216705322265625","0.043216705322265625","0.043216705322265625","0.516357421875","0.516357421875","0.516357421875","0.01055145263671875","0.01055145263671875","0.01055145263671875"
"3170","0.024658203125","0.024658203125","0.024658203125","0.70849609375","0.70849609375","0.70849609375","0.0105438232421875","0.0105438232421875","0.0105438232421875"
"3180","0.0301971435546875","0.0301971435546875","0.0301971435546875","0.4805908203125","0.4805908203125","0.4805908203125","0.02434539794921875","0.02434539794921875","0.02434539794921875"
"3190","0.04354095458984375","0.04354095458984375","0.04354095458984375","0.5787353515625","0.5787353515625","0.5787353515625","0.014652252197265625","0.014652252197265625","0.014652252197265625"
"3200","0.02862548828125","0.02862548828125","0.02862548828125","0.6572265625","0.6572265625","0.6572265625","0.0099639892578125","0.0099639892578125","0.0099639892578125"
"3210","0.0357666015625","0.0357666015625","0.0357666015625","0.60675048828125","0.60675048828125","0.60675048828125","0.01630401611328125","0.01630401611328125","0.01630401611328125"
"3220","0.0193634033203125","0.0193634033203125","0.0193634033203125","0.572265625","0.572265625","0.572265625","0.0274658203125","0.0274658203125","0.0274658203125"
"3230","0.038116455078125","0.038116455078125","0.038116455078125","0.57421875","0.57421875","0.57421875","0.0200347900390625","0.0200347900390625","0.0200347900390625"
"3240","0.02106475830078125","0.02106475830078125","0.02106475830078125","0.5423583984375","0.5423583984375","0.5423583984375","0.0081329345703125","0.0081329345703125","0.0081329345703125"
"3250","0.041290283203125","0.041290283203125","0.041290283203125","0.6484375","0.6484375","0.6484375","0.01068115234375","0.01068115234375","0.01068115234375"
"3260","0.0317535400390625","0.0317535400390625","0.0317535400390625","0.61865234375","0.61865234375","0.61865234375","0.0161590576171875","0.0161590576171875","0.0161590576171875"
"3270","0.022979736328125","0.022979736328125","0.022979736328125","0.6044921875","0.6044921875","0.6044921875","0.0098114013671875","0.0098114013671875","0.0098114013671875"
"3280","0.050029754638671875","0.050029754638671875","0.050029754638671875","0.75537109375","0.75537109375","0.75537109375","0.0138702392578125","0.0138702392578125","0.0138702392578125"
"3290","0.016204833984375","0.016204833984375","0.016204833984375","0.62646484375","0.62646484375","0.62646484375","0.014629364013671875","0.014629364013671875","0.014629364013671875"
"3300","0.019870758056640625","0.019870758056640625","0.019870758056640625","0.593505859375","0.593505859375","0.593505859375","0.01229095458984375","0.01229095458984375","0.01229095458984375"
"3310","0.025547027587890625","0.025547027587890625","0.025547027587890625","0.5888671875","0.5888671875","0.5888671875","0.0068206787109375","0.0068206787109375","0.0068206787109375"
"3320","0.0201568603515625","0.0201568603515625","0.0201568603515625","0.664794921875","0.664794921875","0.664794921875","0.00946807861328125","0.00946807861328125","0.00946807861328125"
"3330","0.05289459228515625","0.05289459228515625","0.05289459228515625","0.75732421875","0.75732421875","0.75732421875","0.017181396484375","0.017181396484375","0.017181396484375"
"3340","0.0306396484375","0.0306396484375","0.0306396484375","0.74658203125","0.74658203125","0.74658203125","0.01546478271484375","0.01546478271484375","0.01546478271484375"
"3350","0.0326995849609375","0.0326995849609375","0.0326995849609375","0.6796875","0.6796875","0.6796875","0.01677703857421875","0.01677703857421875","0.01677703857421875"
"3360","0.03434562683105469","0.03434562683105469","0.03434562683105469","0.65625","0.65625","0.65625","0.0136260986328125","0.0136260986328125","0.0136260986328125"
"3370","0.0468292236328125","0.0468292236328125","0.0468292236328125","0.5283203125","0.5283203125","0.5283203125","0.0194549560546875","0.0194549560546875","0.0194549560546875"
"3380","0.03385162353515625","0.03385162353515625","0.03385162353515625","0.5618896484375","0.5618896484375","0.5618896484375","0.010423660278320312","0.010423660278320312","0.010423660278320312"
"3390","0.0160369873046875","0.0160369873046875","0.0160369873046875","0.5484619140625","0.5484619140625","0.5484619140625","0.01580047607421875","0.01580047607421875","0.01580047607421875"
"3400","0.043792724609375","0.043792724609375","0.043792724609375","0.599609375","0.599609375","0.599609375","0.012783050537109375","0.012783050537109375","0.012783050537109375"
"3410","0.01804351806640625","0.01804351806640625","0.01804351806640625","0.640869140625","0.640869140625","0.640869140625","0.012828826904296875","0.012828826904296875","0.012828826904296875"
"3420","0.0449371337890625","0.0449371337890625","0.0449371337890625","0.7291259765625","0.7291259765625","0.7291259765625","0.0072479248046875","0.0072479248046875","0.0072479248046875"
"3430","0.03760528564453125","0.03760528564453125","0.03760528564453125","0.6357421875","0.6357421875","0.6357421875","0.012359619140625","0.012359619140625","0.012359619140625"
"3440","0.02555084228515625","0.02555084228515625","0.02555084228515625","0.80078125","0.80078125","0.80078125","0.008056640625","0.008056640625","0.008056640625"
"3450","0.0571441650390625","0.0571441650390625","0.0571441650390625","0.468017578125","0.468017578125","0.468017578125","0.009735107421875","0.009735107421875","0.009735107421875"
"3460","0.05220794677734375","0.05220794677734375","0.05220794677734375","0.69775390625","0.69775390625","0.69775390625","0.0205841064453125","0.0205841064453125","0.0205841064453125"
"3470","0.0390625","0.0390625","0.0390625","0.6865234375","0.6865234375","0.6865234375","0.01564788818359375","0.01564788818359375","0.01564788818359375"
"3480","0.0275115966796875","0.0275115966796875","0.0275115966796875","0.61181640625","0.61181640625","0.61181640625","0.02044677734375","0.02044677734375","0.02044677734375"
"3490","0.032989501953125","0.032989501953125","0.032989501953125","0.604736328125","0.604736328125","0.604736328125","0.02112579345703125","0.02112579345703125","0.02112579345703125"
"3500","0.027133941650390625","0.027133941650390625","0.027133941650390625","0.695556640625","0.695556640625","0.695556640625","0.020191192626953125","0.020191192626953125","0.020191192626953125"
"3510","0.03067779541015625","0.03067779541015625","0.03067779541015625","0.69384765625","0.69384765625","0.69384765625","0.01894378662109375","0.01894378662109375","0.01894378662109375"
"3520","0.03333282470703125","0.03333282470703125","0.03333282470703125","0.51617431640625","0.51617431640625","0.51617431640625","0.013622283935546875","0.013622283935546875","0.013622283935546875"
"3530","0.0768280029296875","0.0768280029296875","0.0768280029296875","0.679931640625","0.679931640625","0.679931640625","0.010005950927734375","0.010005950927734375","0.010005950927734375"
"3540","0.0782318115234375","0.0782318115234375","0.0782318115234375","0.5350341796875","0.5350341796875","0.5350341796875","0.013202667236328125","0.013202667236328125","0.013202667236328125"
"3550","0.033477783203125","0.033477783203125","0.033477783203125","0.609130859375","0.609130859375","0.609130859375","0.017974853515625","0.017974853515625","0.017974853515625"
"3560","0.033050537109375","0.033050537109375","0.033050537109375","0.6064453125","0.6064453125","0.6064453125","0.01364898681640625","0.01364898681640625","0.01364898681640625"
"3570","0.01868438720703125","0.01868438720703125","0.01868438720703125","0.551025390625","0.551025390625","0.551025390625","0.01219940185546875","0.01219940185546875","0.01219940185546875"
"3580","0.0518646240234375","0.0518646240234375","0.0518646240234375","0.75830078125","0.75830078125","0.75830078125","0.01181793212890625","0.01181793212890625","0.01181793212890625"
"3590","0.019344329833984375","0.019344329833984375","0.019344329833984375","0.619384765625","0.619384765625","0.619384765625","0.01964569091796875","0.01964569091796875","0.01964569091796875"
"3600","0.02031707763671875","0.02031707763671875","0.02031707763671875","0.63385009765625","0.63385009765625","0.63385009765625","0.01967620849609375","0.01967620849609375","0.01967620849609375"
"3610","0.04541015625","0.04541015625","0.04541015625","0.6748046875","0.6748046875","0.6748046875","0.024078369140625","0.024078369140625","0.024078369140625"
"3620","0.0214996337890625","0.0214996337890625","0.0214996337890625","0.650634765625","0.650634765625","0.650634765625","0.00730133056640625","0.00730133056640625","0.00730133056640625"
"3630","0.015087127685546875","0.015087127685546875","0.015087127685546875","0.69921875","0.69921875","0.69921875","0.010183334350585938","0.010183334350585938","0.010183334350585938"
"3640","0.0279541015625","0.0279541015625","0.0279541015625","0.61328125","0.61328125","0.61328125","0.015655517578125","0.015655517578125","0.015655517578125"
"3650","0.039276123046875","0.039276123046875","0.039276123046875","0.4342041015625","0.4342041015625","0.4342041015625","0.01153564453125","0.01153564453125","0.01153564453125"
"3660","0.031341552734375","0.031341552734375","0.031341552734375","0.58465576171875","0.58465576171875","0.58465576171875","0.00972747802734375","0.00972747802734375","0.00972747802734375"
"3670","0.02166748046875","0.02166748046875","0.02166748046875","0.576171875","0.576171875","0.576171875","0.006744384765625","0.006744384765625","0.006744384765625"
"3680","0.017242431640625","0.017242431640625","0.017242431640625","0.58624267578125","0.58624267578125","0.58624267578125","0.0306549072265625","0.0306549072265625","0.0306549072265625"
"3690","0.028537750244140625","0.028537750244140625","0.028537750244140625","0.580810546875","0.580810546875","0.580810546875","0.0174102783203125","0.0174102783203125","0.0174102783203125"
"3700","0.02265167236328125","0.02265167236328125","0.02265167236328125","0.601806640625","0.601806640625","0.601806640625","0.0203094482421875","0.0203094482421875","0.0203094482421875"
"3710","0.037872314453125","0.037872314453125","0.037872314453125","0.649658203125","0.649658203125","0.649658203125","0.007602691650390625","0.007602691650390625","0.007602691650390625"
"3720","0.013828277587890625","0.013828277587890625","0.013828277587890625","0.76904296875","0.76904296875","0.76904296875","0.007366180419921875","0.007366180419921875","0.007366180419921875"
"3730","0.019786834716796875","0.019786834716796875","0.019786834716796875","0.56524658203125","0.56524658203125","0.56524658203125","0.0218353271484375","0.0218353271484375","0.0218353271484375"
"3740","0.013767242431640625","0.013767242431640625","0.013767242431640625","0.68701171875","0.68701171875","0.68701171875","0.024932861328125","0.024932861328125","0.024932861328125"
"3750","0.03166961669921875","0.03166961669921875","0.03166961669921875","0.679931640625","0.679931640625","0.679931640625","0.0204620361328125","0.0204620361328125","0.0204620361328125"
"3760","0.039768218994140625","0.039768218994140625","0.039768218994140625","0.5899658203125","0.5899658203125","0.5899658203125","0.0205841064453125","0.0205841064453125","0.0205841064453125"
"3770","0.049896240234375","0.049896240234375","0.049896240234375","0.67095947265625","0.67095947265625","0.67095947265625","0.01602935791015625","0.01602935791015625","0.01602935791015625"
"3780","0.019504547119140625","0.019504547119140625","0.019504547119140625","0.666259765625","0.666259765625","0.666259765625","0.01505279541015625","0.01505279541015625","0.01505279541015625"
"3790","0.02980804443359375","0.02980804443359375","0.02980804443359375","0.61328125","0.61328125","0.61328125","0.0300750732421875","0.0300750732421875","0.0300750732421875"
"3800","0.023834228515625","0.023834228515625","0.023834228515625","0.705322265625","0.705322265625","0.705322265625","0.01148223876953125","0.01148223876953125","0.01148223876953125"
"3810","0.02465057373046875","0.02465057373046875","0.02465057373046875","0.681884765625","0.681884765625","0.681884765625","0.007879257202148438","0.007879257202148438","0.007879257202148438"
"3820","0.0616455078125","0.0616455078125","0.0616455078125","0.441162109375","0.441162109375","0.441162109375","0.013805389404296875","0.013805389404296875","0.013805389404296875"
"3830","0.0316162109375","0.0316162109375","0.0316162109375","0.58544921875","0.58544921875","0.58544921875","0.012847900390625","0.012847900390625","0.012847900390625"
"3840","0.0302734375","0.0302734375","0.0302734375","0.6112060546875","0.6112060546875","0.6112060546875","0.01073455810546875","0.01073455810546875","0.01073455810546875"
"3850","0.06744384765625","0.06744384765625","0.06744384765625","0.679443359375","0.679443359375","0.679443359375","0.02359771728515625","0.02359771728515625","0.02359771728515625"
"3860","0.03607177734375","0.03607177734375","0.03607177734375","0.613525390625","0.613525390625","0.613525390625","0.01641082763671875","0.01641082763671875","0.01641082763671875"
"3870","0.02118682861328125","0.02118682861328125","0.02118682861328125","0.549072265625","0.549072265625","0.549072265625","0.01380157470703125","0.01380157470703125","0.01380157470703125"
"3880","0.0643157958984375","0.0643157958984375","0.0643157958984375","0.549560546875","0.549560546875","0.549560546875","0.009584426879882812","0.009584426879882812","0.009584426879882812"
"3890","0.011814117431640625","0.011814117431640625","0.011814117431640625","0.61376953125","0.61376953125","0.61376953125","0.00850677490234375","0.00850677490234375","0.00850677490234375"
"3900","0.0416107177734375","0.0416107177734375","0.0416107177734375","0.620849609375","0.620849609375","0.620849609375","0.0113677978515625","0.0113677978515625","0.0113677978515625"
"3910","0.0664520263671875","0.0664520263671875","0.0664520263671875","0.62890625","0.62890625","0.62890625","0.007434844970703125","0.007434844970703125","0.007434844970703125"
"3920","0.0231475830078125","0.0231475830078125","0.0231475830078125","0.696533203125","0.696533203125","0.696533203125","0.01192474365234375","0.01192474365234375","0.01192474365234375"
"3930","0.049102783203125","0.049102783203125","0.049102783203125","0.6693115234375","0.6693115234375","0.6693115234375","0.022613525390625","0.022613525390625","0.022613525390625"
"3940","0.03948974609375","0.03948974609375","0.03948974609375","0.636962890625","0.636962890625","0.636962890625","0.0146484375","0.0146484375","0.0146484375"
"3950","0.036834716796875","0.036834716796875","0.036834716796875","0.685791015625","0.685791015625","0.685791015625","0.0160980224609375","0.0160980224609375","0.0160980224609375"
"3960","0.042236328125","0.042236328125","0.042236328125","0.61376953125","0.61376953125","0.61376953125","0.007137298583984375","0.007137298583984375","0.007137298583984375"
"3970","0.03430938720703125","0.03430938720703125","0.03430938720703125","0.673828125","0.673828125","0.673828125","0.0186004638671875","0.0186004638671875","0.0186004638671875"
"3980","0.0495147705078125","0.0495147705078125","0.0495147705078125","0.614990234375","0.614990234375","0.614990234375","0.02109527587890625","0.02109527587890625","0.02109527587890625"
"3990","0.0508270263671875","0.0508270263671875","0.0508270263671875","0.681640625","0.681640625","0.681640625","0.00455474853515625","0.00455474853515625","0.00455474853515625"
"4000","0.051219940185546875","0.051219940185546875","0.051219940185546875","0.75439453125","0.75439453125","0.75439453125","0.01207733154296875","0.01207733154296875","0.01207733154296875"
"4010","0.010761260986328125","0.010761260986328125","0.010761260986328125","0.494384765625","0.494384765625","0.494384765625","0.0146942138671875","0.0146942138671875","0.0146942138671875"
"4020","0.0171661376953125","0.0171661376953125","0.0171661376953125","0.47955322265625","0.47955322265625","0.47955322265625","0.00832366943359375","0.00832366943359375","0.00832366943359375"
"4030","0.0654449462890625","0.0654449462890625","0.0654449462890625","0.670654296875","0.670654296875","0.670654296875","0.008457183837890625","0.008457183837890625","0.008457183837890625"
"4040","0.0300140380859375","0.0300140380859375","0.0300140380859375","0.689453125","0.689453125","0.689453125","0.012508392333984375","0.012508392333984375","0.012508392333984375"
"4050","0.0204010009765625","0.0204010009765625","0.0204010009765625","0.542724609375","0.542724609375","0.542724609375","0.01508331298828125","0.01508331298828125","0.01508331298828125"
"4060","0.0345916748046875","0.0345916748046875","0.0345916748046875","0.68359375","0.68359375","0.68359375","0.00907135009765625","0.00907135009765625","0.00907135009765625"
"4070","0.005229949951171875","0.005229949951171875","0.005229949951171875","0.5712890625","0.5712890625","0.5712890625","0.009349822998046875","0.009349822998046875","0.009349822998046875"
"4080","0.02271270751953125","0.02271270751953125","0.02271270751953125","0.424560546875","0.424560546875","0.424560546875","0.006786346435546875","0.006786346435546875","0.006786346435546875"
"4090","0.026153564453125","0.026153564453125","0.026153564453125","0.516845703125","0.516845703125","0.516845703125","0.0254974365234375","0.0254974365234375","0.0254974365234375"
"4100","0.0298614501953125","0.0298614501953125","0.0298614501953125","0.572509765625","0.572509765625","0.572509765625","0.008056640625","0.008056640625","0.008056640625"
"4110","0.01844024658203125","0.01844024658203125","0.01844024658203125","0.5465087890625","0.5465087890625","0.5465087890625","0.0166778564453125","0.0166778564453125","0.0166778564453125"
"4120","0.0489044189453125","0.0489044189453125","0.0489044189453125","0.3760986328125","0.3760986328125","0.3760986328125","0.01024627685546875","0.01024627685546875","0.01024627685546875"
"4130","0.0148162841796875","0.0148162841796875","0.0148162841796875","0.55810546875","0.55810546875","0.55810546875","0.0232086181640625","0.0232086181640625","0.0232086181640625"
"4140","0.0274810791015625","0.0274810791015625","0.0274810791015625","0.664794921875","0.664794921875","0.664794921875","0.01949310302734375","0.01949310302734375","0.01949310302734375"
"4150","0.01873016357421875","0.01873016357421875","0.01873016357421875","0.65771484375","0.65771484375","0.65771484375","0.01194000244140625","0.01194000244140625","0.01194000244140625"
"4160","0.070892333984375","0.070892333984375","0.070892333984375","0.576904296875","0.576904296875","0.576904296875","0.0065326690673828125","0.0065326690673828125","0.0065326690673828125"
"4170","0.0572967529296875","0.0572967529296875","0.0572967529296875","0.72802734375","0.72802734375","0.72802734375","0.0131072998046875","0.0131072998046875","0.0131072998046875"
"4180","0.03453826904296875","0.03453826904296875","0.03453826904296875","0.5294189453125","0.5294189453125","0.5294189453125","0.01148223876953125","0.01148223876953125","0.01148223876953125"
"4190","0.07001495361328125","0.07001495361328125","0.07001495361328125","0.7314453125","0.7314453125","0.7314453125","0.014142990112304688","0.014142990112304688","0.014142990112304688"
"4200","0.016527175903320312","0.016527175903320312","0.016527175903320312","0.538818359375","0.538818359375","0.538818359375","0.005828857421875","0.005828857421875","0.005828857421875"
"4210","0.03978729248046875","0.03978729248046875","0.03978729248046875","0.656982421875","0.656982421875","0.656982421875","0.0069370269775390625","0.0069370269775390625","0.0069370269775390625"
"4220","0.012323379516601562","0.012323379516601562","0.012323379516601562","0.59619140625","0.59619140625","0.59619140625","0.016510009765625","0.016510009765625","0.016510009765625"
"4230","0.043354034423828125","0.043354034423828125","0.043354034423828125","0.5303955078125","0.5303955078125","0.5303955078125","0.008731842041015625","0.008731842041015625","0.008731842041015625"
"4240","0.0474853515625","0.0474853515625","0.0474853515625","0.53118896484375","0.53118896484375","0.53118896484375","0.008697509765625","0.008697509765625","0.008697509765625"
"4250","0.043483734130859375","0.043483734130859375","0.043483734130859375","0.589599609375","0.589599609375","0.589599609375","0.013454437255859375","0.013454437255859375","0.013454437255859375"
"4260","0.047119140625","0.047119140625","0.047119140625","0.6943359375","0.6943359375","0.6943359375","0.0116119384765625","0.0116119384765625","0.0116119384765625"
"4270","0.0321197509765625","0.0321197509765625","0.0321197509765625","0.739501953125","0.739501953125","0.739501953125","0.01190185546875","0.01190185546875","0.01190185546875"
"4280","0.0183258056640625","0.0183258056640625","0.0183258056640625","0.533447265625","0.533447265625","0.533447265625","0.01645660400390625","0.01645660400390625","0.01645660400390625"
"4290","0.012462615966796875","0.012462615966796875","0.012462615966796875","0.6336669921875","0.6336669921875","0.6336669921875","0.0167236328125","0.0167236328125","0.0167236328125"
"4300","0.039886474609375","0.039886474609375","0.039886474609375","0.711181640625","0.711181640625","0.711181640625","0.01666259765625","0.01666259765625","0.01666259765625"
"4310","0.03937530517578125","0.03937530517578125","0.03937530517578125","0.513916015625","0.513916015625","0.513916015625","0.0093841552734375","0.0093841552734375","0.0093841552734375"
"4320","0.032073974609375","0.032073974609375","0.032073974609375","0.621337890625","0.621337890625","0.621337890625","0.00576019287109375","0.00576019287109375","0.00576019287109375"
"4330","0.01921844482421875","0.01921844482421875","0.01921844482421875","0.62139892578125","0.62139892578125","0.62139892578125","0.01569366455078125","0.01569366455078125","0.01569366455078125"
"4340","0.021717071533203125","0.021717071533203125","0.021717071533203125","0.8310546875","0.8310546875","0.8310546875","0.01776123046875","0.01776123046875","0.01776123046875"
"4350","0.02716827392578125","0.02716827392578125","0.02716827392578125","0.628662109375","0.628662109375","0.628662109375","0.02248382568359375","0.02248382568359375","0.02248382568359375"
"4360","0.02193450927734375","0.02193450927734375","0.02193450927734375","0.5413818359375","0.5413818359375","0.5413818359375","0.02028656005859375","0.02028656005859375","0.02028656005859375"
"4370","0.02309417724609375","0.02309417724609375","0.02309417724609375","0.656005859375","0.656005859375","0.656005859375","0.01337432861328125","0.01337432861328125","0.01337432861328125"
"4380","0.024810791015625","0.024810791015625","0.024810791015625","0.677001953125","0.677001953125","0.677001953125","0.010555267333984375","0.010555267333984375","0.010555267333984375"
"4390","0.02785491943359375","0.02785491943359375","0.02785491943359375","0.640869140625","0.640869140625","0.640869140625","0.01886749267578125","0.01886749267578125","0.01886749267578125"
"4400","0.0339508056640625","0.0339508056640625","0.0339508056640625","0.70166015625","0.70166015625","0.70166015625","0.02010345458984375","0.02010345458984375","0.02010345458984375"
"4410","0.017604827880859375","0.017604827880859375","0.017604827880859375","0.542724609375","0.542724609375","0.542724609375","0.0254058837890625","0.0254058837890625","0.0254058837890625"
"4420","0.0359344482421875","0.0359344482421875","0.0359344482421875","0.603271484375","0.603271484375","0.603271484375","0.03643798828125","0.03643798828125","0.03643798828125"
"4430","0.05547332763671875","0.05547332763671875","0.05547332763671875","0.6375732421875","0.6375732421875","0.6375732421875","0.01389312744140625","0.01389312744140625","0.01389312744140625"
"4440","0.02794647216796875","0.02794647216796875","0.02794647216796875","0.66064453125","0.66064453125","0.66064453125","0.0160369873046875","0.0160369873046875","0.0160369873046875"
"4450","0.0207977294921875","0.0207977294921875","0.0207977294921875","0.4542236328125","0.4542236328125","0.4542236328125","0.011440277099609375","0.011440277099609375","0.011440277099609375"
"4460","0.0361785888671875","0.0361785888671875","0.0361785888671875","0.49755859375","0.49755859375","0.49755859375","0.0340118408203125","0.0340118408203125","0.0340118408203125"
"4470","0.03668212890625","0.03668212890625","0.03668212890625","0.544921875","0.544921875","0.544921875","0.025390625","0.025390625","0.025390625"
"4480","0.04996490478515625","0.04996490478515625","0.04996490478515625","0.523681640625","0.523681640625","0.523681640625","0.03570556640625","0.03570556640625","0.03570556640625"
"4490","0.02655792236328125","0.02655792236328125","0.02655792236328125","0.5927734375","0.5927734375","0.5927734375","0.0198822021484375","0.0198822021484375","0.0198822021484375"
"4500","0.0501861572265625","0.0501861572265625","0.0501861572265625","0.5599365234375","0.5599365234375","0.5599365234375","0.0228729248046875","0.0228729248046875","0.0228729248046875"
"4510","0.03873443603515625","0.03873443603515625","0.03873443603515625","0.601806640625","0.601806640625","0.601806640625","0.01969146728515625","0.01969146728515625","0.01969146728515625"
"4520","0.023334503173828125","0.023334503173828125","0.023334503173828125","0.741455078125","0.741455078125","0.741455078125","0.0088348388671875","0.0088348388671875","0.0088348388671875"
"4530","0.0248260498046875","0.0248260498046875","0.0248260498046875","0.530517578125","0.530517578125","0.530517578125","0.009735107421875","0.009735107421875","0.009735107421875"
"4540","0.045318603515625","0.045318603515625","0.045318603515625","0.621826171875","0.621826171875","0.621826171875","0.008138656616210938","0.008138656616210938","0.008138656616210938"
"4550","0.0384063720703125","0.0384063720703125","0.0384063720703125","0.689208984375","0.689208984375","0.689208984375","0.020721435546875","0.020721435546875","0.020721435546875"
"4560","0.0545806884765625","0.0545806884765625","0.0545806884765625","0.711669921875","0.711669921875","0.711669921875","0.00820159912109375","0.00820159912109375","0.00820159912109375"
"4570","0.0349273681640625","0.0349273681640625","0.0349273681640625","0.706787109375","0.706787109375","0.706787109375","0.03176116943359375","0.03176116943359375","0.03176116943359375"
"4580","0.032047271728515625","0.032047271728515625","0.032047271728515625","0.736328125","0.736328125","0.736328125","0.004344940185546875","0.004344940185546875","0.004344940185546875"
"4590","0.02764892578125","0.02764892578125","0.02764892578125","0.59033203125","0.59033203125","0.59033203125","0.01153564453125","0.01153564453125","0.01153564453125"
"4600","0.01760101318359375","0.01760101318359375","0.01760101318359375","0.5498046875","0.5498046875","0.5498046875","0.0081787109375","0.0081787109375","0.0081787109375"
"4610","0.018907546997070312","0.018907546997070312","0.018907546997070312","0.73095703125","0.73095703125","0.73095703125","0.012310028076171875","0.012310028076171875","0.012310028076171875"
"4620","0.03216552734375","0.03216552734375","0.03216552734375","0.40802001953125","0.40802001953125","0.40802001953125","0.011096954345703125","0.011096954345703125","0.011096954345703125"
"4630","0.02266693115234375","0.02266693115234375","0.02266693115234375","0.609619140625","0.609619140625","0.609619140625","0.013092041015625","0.013092041015625","0.013092041015625"
"4640","0.02814483642578125","0.02814483642578125","0.02814483642578125","0.5194091796875","0.5194091796875","0.5194091796875","0.008785247802734375","0.008785247802734375","0.008785247802734375"
"4650","0.04236602783203125","0.04236602783203125","0.04236602783203125","0.548095703125","0.548095703125","0.548095703125","0.01259613037109375","0.01259613037109375","0.01259613037109375"
"4660","0.04393768310546875","0.04393768310546875","0.04393768310546875","0.705322265625","0.705322265625","0.705322265625","0.01181793212890625","0.01181793212890625","0.01181793212890625"
"4670","0.022064208984375","0.022064208984375","0.022064208984375","0.67529296875","0.67529296875","0.67529296875","0.015167236328125","0.015167236328125","0.015167236328125"
"4680","0.019481658935546875","0.019481658935546875","0.019481658935546875","0.6279296875","0.6279296875","0.6279296875","0.00997161865234375","0.00997161865234375","0.00997161865234375"
"4690","0.0240936279296875","0.0240936279296875","0.0240936279296875","0.6268310546875","0.6268310546875","0.6268310546875","0.01042938232421875","0.01042938232421875","0.01042938232421875"
"4700","0.0328521728515625","0.0328521728515625","0.0328521728515625","0.5999755859375","0.5999755859375","0.5999755859375","0.01120758056640625","0.01120758056640625","0.01120758056640625"
"4710","0.04640960693359375","0.04640960693359375","0.04640960693359375","0.743896484375","0.743896484375","0.743896484375","0.020355224609375","0.020355224609375","0.020355224609375"
"4720","0.02545928955078125","0.02545928955078125","0.02545928955078125","0.67041015625","0.67041015625","0.67041015625","0.01055145263671875","0.01055145263671875","0.01055145263671875"
"4730","0.016855239868164062","0.016855239868164062","0.016855239868164062","0.597412109375","0.597412109375","0.597412109375","0.0149993896484375","0.0149993896484375","0.0149993896484375"
"4740","0.0415802001953125","0.0415802001953125","0.0415802001953125","0.5615234375","0.5615234375","0.5615234375","0.01458740234375","0.01458740234375","0.01458740234375"
"4750","0.04229736328125","0.04229736328125","0.04229736328125","0.5015869140625","0.5015869140625","0.5015869140625","0.00812530517578125","0.00812530517578125","0.00812530517578125"
"4760","0.069793701171875","0.069793701171875","0.069793701171875","0.6060791015625","0.6060791015625","0.6060791015625","0.0123748779296875","0.0123748779296875","0.0123748779296875"
"4770","0.0213165283203125","0.0213165283203125","0.0213165283203125","0.66748046875","0.66748046875","0.66748046875","0.008335113525390625","0.008335113525390625","0.008335113525390625"
"4780","0.0249176025390625","0.0249176025390625","0.0249176025390625","0.5250244140625","0.5250244140625","0.5250244140625","0.0097198486328125","0.0097198486328125","0.0097198486328125"
"4790","0.0359954833984375","0.0359954833984375","0.0359954833984375","0.5830078125","0.5830078125","0.5830078125","0.0088653564453125","0.0088653564453125","0.0088653564453125"
"4800","0.018829345703125","0.018829345703125","0.018829345703125","0.642578125","0.642578125","0.642578125","0.013580322265625","0.013580322265625","0.013580322265625"
"4810","0.0186614990234375","0.0186614990234375","0.0186614990234375","0.5882568359375","0.5882568359375","0.5882568359375","0.01543426513671875","0.01543426513671875","0.01543426513671875"
"4820","0.02362823486328125","0.02362823486328125","0.02362823486328125","0.381591796875","0.381591796875","0.381591796875","0.01200103759765625","0.01200103759765625","0.01200103759765625"
"4830","0.0266876220703125","0.0266876220703125","0.0266876220703125","0.621337890625","0.621337890625","0.621337890625","0.0136566162109375","0.0136566162109375","0.0136566162109375"
"4840","0.04401397705078125","0.04401397705078125","0.04401397705078125","0.613037109375","0.613037109375","0.613037109375","0.00690460205078125","0.00690460205078125","0.00690460205078125"
"4850","0.02728271484375","0.02728271484375","0.02728271484375","0.494384765625","0.494384765625","0.494384765625","0.016876220703125","0.016876220703125","0.016876220703125"
"4860","0.03284454345703125","0.03284454345703125","0.03284454345703125","0.64453125","0.64453125","0.64453125","0.010272979736328125","0.010272979736328125","0.010272979736328125"
"4870","0.03125","0.03125","0.03125","0.5677490234375","0.5677490234375","0.5677490234375","0.02109527587890625","0.02109527587890625","0.02109527587890625"
"4880","0.03771209716796875","0.03771209716796875","0.03771209716796875","0.55810546875","0.55810546875","0.55810546875","0.019430160522460938","0.019430160522460938","0.019430160522460938"
"4890","0.0365753173828125","0.0365753173828125","0.0365753173828125","0.57373046875","0.57373046875","0.57373046875","0.01793670654296875","0.01793670654296875","0.01793670654296875"
"4900","0.03096771240234375","0.03096771240234375","0.03096771240234375","0.639892578125","0.639892578125","0.639892578125","0.015625","0.015625","0.015625"
"4910","0.03160667419433594","0.03160667419433594","0.03160667419433594","0.71337890625","0.71337890625","0.71337890625","0.007841110229492188","0.007841110229492188","0.007841110229492188"
"4920","0.028533935546875","0.028533935546875","0.028533935546875","0.626708984375","0.626708984375","0.626708984375","0.01566314697265625","0.01566314697265625","0.01566314697265625"
"4930","0.0298614501953125","0.0298614501953125","0.0298614501953125","0.71826171875","0.71826171875","0.71826171875","0.009063720703125","0.009063720703125","0.009063720703125"
"4940","0.035247802734375","0.035247802734375","0.035247802734375","0.61669921875","0.61669921875","0.61669921875","0.0130157470703125","0.0130157470703125","0.0130157470703125"
"4950","0.04486846923828125","0.04486846923828125","0.04486846923828125","0.531982421875","0.531982421875","0.531982421875","0.0059566497802734375","0.0059566497802734375","0.0059566497802734375"
"4960","0.03981781005859375","0.03981781005859375","0.03981781005859375","0.577880859375","0.577880859375","0.577880859375","0.014678955078125","0.014678955078125","0.014678955078125"
"4970","0.03725433349609375","0.03725433349609375","0.03725433349609375","0.72216796875","0.72216796875","0.72216796875","0.0146942138671875","0.0146942138671875","0.0146942138671875"
"4980","0.0179595947265625","0.0179595947265625","0.0179595947265625","0.603271484375","0.603271484375","0.603271484375","0.005390167236328125","0.005390167236328125","0.005390167236328125"
"4990","0.0602569580078125","0.0602569580078125","0.0602569580078125","0.685546875","0.685546875","0.685546875","0.010074615478515625","0.010074615478515625","0.010074615478515625"
"5000","0.02405548095703125","0.02405548095703125","0.02405548095703125","0.77880859375","0.77880859375","0.77880859375","0.01293182373046875","0.01293182373046875","0.01293182373046875"
"5010","0.041889190673828125","0.041889190673828125","0.041889190673828125","0.75244140625","0.75244140625","0.75244140625","0.01184844970703125","0.01184844970703125","0.01184844970703125"
"5020","0.04107666015625","0.04107666015625","0.04107666015625","0.58837890625","0.58837890625","0.58837890625","0.01187896728515625","0.01187896728515625","0.01187896728515625"
"5030","0.0284271240234375","0.0284271240234375","0.0284271240234375","0.604248046875","0.604248046875","0.604248046875","0.01222991943359375","0.01222991943359375","0.01222991943359375"
"5040","0.052276611328125","0.052276611328125","0.052276611328125","0.53955078125","0.53955078125","0.53955078125","0.0189056396484375","0.0189056396484375","0.0189056396484375"
"5050","0.05506134033203125","0.05506134033203125","0.05506134033203125","0.57568359375","0.57568359375","0.57568359375","0.010303497314453125","0.010303497314453125","0.010303497314453125"
"5060","0.0576324462890625","0.0576324462890625","0.0576324462890625","0.576171875","0.576171875","0.576171875","0.021240234375","0.021240234375","0.021240234375"
"5070","0.0333251953125","0.0333251953125","0.0333251953125","0.6572265625","0.6572265625","0.6572265625","0.0173187255859375","0.0173187255859375","0.0173187255859375"
"5080","0.01024627685546875","0.01024627685546875","0.01024627685546875","0.710205078125","0.710205078125","0.710205078125","0.013195037841796875","0.013195037841796875","0.013195037841796875"
"5090","0.0276947021484375","0.0276947021484375","0.0276947021484375","0.72998046875","0.72998046875","0.72998046875","0.0150909423828125","0.0150909423828125","0.0150909423828125"
"5100","0.016326904296875","0.016326904296875","0.016326904296875","0.771240234375","0.771240234375","0.771240234375","0.0107269287109375","0.0107269287109375","0.0107269287109375"
"5110","0.01442718505859375","0.01442718505859375","0.01442718505859375","0.517333984375","0.517333984375","0.517333984375","0.0108642578125","0.0108642578125","0.0108642578125"
"5120","0.0293121337890625","0.0293121337890625","0.0293121337890625","0.578857421875","0.578857421875","0.578857421875","0.01612091064453125","0.01612091064453125","0.01612091064453125"
"5130","0.06165313720703125","0.06165313720703125","0.06165313720703125","0.43670654296875","0.43670654296875","0.43670654296875","0.006755828857421875","0.006755828857421875","0.006755828857421875"
"5140","0.018035888671875","0.018035888671875","0.018035888671875","0.61572265625","0.61572265625","0.61572265625","0.01027679443359375","0.01027679443359375","0.01027679443359375"
"5150","0.02384185791015625","0.02384185791015625","0.02384185791015625","0.44940185546875","0.44940185546875","0.44940185546875","0.0069122314453125","0.0069122314453125","0.0069122314453125"
"5160","0.045867919921875","0.045867919921875","0.045867919921875","0.73486328125","0.73486328125","0.73486328125","0.0100860595703125","0.0100860595703125","0.0100860595703125"
"5170","0.05145263671875","0.05145263671875","0.05145263671875","0.7919921875","0.7919921875","0.7919921875","0.007953643798828125","0.007953643798828125","0.007953643798828125"
"5180","0.045684814453125","0.045684814453125","0.045684814453125","0.84423828125","0.84423828125","0.84423828125","0.0128021240234375","0.0128021240234375","0.0128021240234375"
"5190","0.06464385986328125","0.06464385986328125","0.06464385986328125","0.501953125","0.501953125","0.501953125","0.01665496826171875","0.01665496826171875","0.01665496826171875"
"5200","0.04004669189453125","0.04004669189453125","0.04004669189453125","0.6142578125","0.6142578125","0.6142578125","0.0089111328125","0.0089111328125","0.0089111328125"
"5210","0.028499603271484375","0.028499603271484375","0.028499603271484375","0.5316162109375","0.5316162109375","0.5316162109375","0.009246826171875","0.009246826171875","0.009246826171875"
"5220","0.03079986572265625","0.03079986572265625","0.03079986572265625","0.6416015625","0.6416015625","0.6416015625","0.01390838623046875","0.01390838623046875","0.01390838623046875"
"5230","0.0426177978515625","0.0426177978515625","0.0426177978515625","0.6279296875","0.6279296875","0.6279296875","0.008342742919921875","0.008342742919921875","0.008342742919921875"
"5240","0.024990081787109375","0.024990081787109375","0.024990081787109375","0.490478515625","0.490478515625","0.490478515625","0.01256561279296875","0.01256561279296875","0.01256561279296875"
"5250","0.01755523681640625","0.01755523681640625","0.01755523681640625","0.78125","0.78125","0.78125","0.00826263427734375","0.00826263427734375","0.00826263427734375"
"5260","0.008991241455078125","0.008991241455078125","0.008991241455078125","0.4970703125","0.4970703125","0.4970703125","0.01323699951171875","0.01323699951171875","0.01323699951171875"
"5270","0.0401458740234375","0.0401458740234375","0.0401458740234375","0.654541015625","0.654541015625","0.654541015625","0.012420654296875","0.012420654296875","0.012420654296875"
"5280","0.023590087890625","0.023590087890625","0.023590087890625","0.520263671875","0.520263671875","0.520263671875","0.0228729248046875","0.0228729248046875","0.0228729248046875"
"5290","0.0272369384765625","0.0272369384765625","0.0272369384765625","0.5240478515625","0.5240478515625","0.5240478515625","0.008831024169921875","0.008831024169921875","0.008831024169921875"
"5300","0.038543701171875","0.038543701171875","0.038543701171875","0.75634765625","0.75634765625","0.75634765625","0.017913818359375","0.017913818359375","0.017913818359375"
"5310","0.01856231689453125","0.01856231689453125","0.01856231689453125","0.645751953125","0.645751953125","0.645751953125","0.01268768310546875","0.01268768310546875","0.01268768310546875"
"5320","0.02294158935546875","0.02294158935546875","0.02294158935546875","0.590087890625","0.590087890625","0.590087890625","0.011932373046875","0.011932373046875","0.011932373046875"
"5330","0.0124359130859375","0.0124359130859375","0.0124359130859375","0.7685546875","0.7685546875","0.7685546875","0.00978851318359375","0.00978851318359375","0.00978851318359375"
"5340","0.02036285400390625","0.02036285400390625","0.02036285400390625","0.732421875","0.732421875","0.732421875","0.025543212890625","0.025543212890625","0.025543212890625"
"5350","0.038883209228515625","0.038883209228515625","0.038883209228515625","0.540771484375","0.540771484375","0.540771484375","0.01157379150390625","0.01157379150390625","0.01157379150390625"
"5360","0.0254669189453125","0.0254669189453125","0.0254669189453125","0.5439453125","0.5439453125","0.5439453125","0.009716033935546875","0.009716033935546875","0.009716033935546875"
"5370","0.017608642578125","0.017608642578125","0.017608642578125","0.6759033203125","0.6759033203125","0.6759033203125","0.009765625","0.009765625","0.009765625"
"5380","0.03858184814453125","0.03858184814453125","0.03858184814453125","0.67724609375","0.67724609375","0.67724609375","0.008655548095703125","0.008655548095703125","0.008655548095703125"
"5390","0.04510498046875","0.04510498046875","0.04510498046875","0.73974609375","0.73974609375","0.73974609375","0.008167266845703125","0.008167266845703125","0.008167266845703125"
"5400","0.0251312255859375","0.0251312255859375","0.0251312255859375","0.583251953125","0.583251953125","0.583251953125","0.0111083984375","0.0111083984375","0.0111083984375"
"5410","0.03350067138671875","0.03350067138671875","0.03350067138671875","0.679931640625","0.679931640625","0.679931640625","0.009326934814453125","0.009326934814453125","0.009326934814453125"
"5420","0.040740966796875","0.040740966796875","0.040740966796875","0.6845703125","0.6845703125","0.6845703125","0.006885528564453125","0.006885528564453125","0.006885528564453125"
"5430","0.03725433349609375","0.03725433349609375","0.03725433349609375","0.666015625","0.666015625","0.666015625","0.0086822509765625","0.0086822509765625","0.0086822509765625"
"5440","0.046173095703125","0.046173095703125","0.046173095703125","0.7626953125","0.7626953125","0.7626953125","0.0170440673828125","0.0170440673828125","0.0170440673828125"
"5450","0.059722900390625","0.059722900390625","0.059722900390625","0.671875","0.671875","0.671875","0.0075664520263671875","0.0075664520263671875","0.0075664520263671875"
"5460","0.032012939453125","0.032012939453125","0.032012939453125","0.58056640625","0.58056640625","0.58056640625","0.00946807861328125","0.00946807861328125","0.00946807861328125"
"5470","0.0455474853515625","0.0455474853515625","0.0455474853515625","0.6597900390625","0.6597900390625","0.6597900390625","0.013286590576171875","0.013286590576171875","0.013286590576171875"
"5480","0.0481719970703125","0.0481719970703125","0.0481719970703125","0.726318359375","0.726318359375","0.726318359375","0.01207733154296875","0.01207733154296875","0.01207733154296875"
"5490","0.0328826904296875","0.0328826904296875","0.0328826904296875","0.5185546875","0.5185546875","0.5185546875","0.01648712158203125","0.01648712158203125","0.01648712158203125"
"5500","0.036304473876953125","0.036304473876953125","0.036304473876953125","0.586517333984375","0.586517333984375","0.586517333984375","0.00960540771484375","0.00960540771484375","0.00960540771484375"
"5510","0.033672332763671875","0.033672332763671875","0.033672332763671875","0.578369140625","0.578369140625","0.578369140625","0.019378662109375","0.019378662109375","0.019378662109375"
"5520","0.04461669921875","0.04461669921875","0.04461669921875","0.5079345703125","0.5079345703125","0.5079345703125","0.0103759765625","0.0103759765625","0.0103759765625"
"5530","0.036834716796875","0.036834716796875","0.036834716796875","0.537109375","0.537109375","0.537109375","0.010992050170898438","0.010992050170898438","0.010992050170898438"
"5540","0.029571533203125","0.029571533203125","0.029571533203125","0.6116943359375","0.6116943359375","0.6116943359375","0.00792694091796875","0.00792694091796875","0.00792694091796875"
"5550","0.028106689453125","0.028106689453125","0.028106689453125","0.572509765625","0.572509765625","0.572509765625","0.0206756591796875","0.0206756591796875","0.0206756591796875"
"5560","0.0191650390625","0.0191650390625","0.0191650390625","0.56103515625","0.56103515625","0.56103515625","0.011474609375","0.011474609375","0.011474609375"
"5570","0.01398468017578125","0.01398468017578125","0.01398468017578125","0.4468994140625","0.4468994140625","0.4468994140625","0.0120086669921875","0.0120086669921875","0.0120086669921875"
"5580","0.02056121826171875","0.02056121826171875","0.02056121826171875","0.660888671875","0.660888671875","0.660888671875","0.00772857666015625","0.00772857666015625","0.00772857666015625"
"5590","0.03497314453125","0.03497314453125","0.03497314453125","0.79736328125","0.79736328125","0.79736328125","0.0141143798828125","0.0141143798828125","0.0141143798828125"
"5600","0.04630279541015625","0.04630279541015625","0.04630279541015625","0.72314453125","0.72314453125","0.72314453125","0.00951385498046875","0.00951385498046875","0.00951385498046875"
"5610","0.0462188720703125","0.0462188720703125","0.0462188720703125","0.696044921875","0.696044921875","0.696044921875","0.00867462158203125","0.00867462158203125","0.00867462158203125"
"5620","0.0104522705078125","0.0104522705078125","0.0104522705078125","0.663330078125","0.663330078125","0.663330078125","0.011661529541015625","0.011661529541015625","0.011661529541015625"
"5630","0.0174102783203125","0.0174102783203125","0.0174102783203125","0.68994140625","0.68994140625","0.68994140625","0.0191192626953125","0.0191192626953125","0.0191192626953125"
"5640","0.025543212890625","0.025543212890625","0.025543212890625","0.4493408203125","0.4493408203125","0.4493408203125","0.009693145751953125","0.009693145751953125","0.009693145751953125"
"5650","0.04180908203125","0.04180908203125","0.04180908203125","0.60888671875","0.60888671875","0.60888671875","0.00742340087890625","0.00742340087890625","0.00742340087890625"
"5660","0.069488525390625","0.069488525390625","0.069488525390625","0.7998046875","0.7998046875","0.7998046875","0.0159912109375","0.0159912109375","0.0159912109375"
"5670","0.0612335205078125","0.0612335205078125","0.0612335205078125","0.6142578125","0.6142578125","0.6142578125","0.0117034912109375","0.0117034912109375","0.0117034912109375"
"5680","0.013519287109375","0.013519287109375","0.013519287109375","0.51025390625","0.51025390625","0.51025390625","0.01055145263671875","0.01055145263671875","0.01055145263671875"
"5690","0.04442596435546875","0.04442596435546875","0.04442596435546875","0.5206298828125","0.5206298828125","0.5206298828125","0.01055145263671875","0.01055145263671875","0.01055145263671875"
"5700","0.0446624755859375","0.0446624755859375","0.0446624755859375","0.64434814453125","0.64434814453125","0.64434814453125","0.013225555419921875","0.013225555419921875","0.013225555419921875"
"5710","0.0297088623046875","0.0297088623046875","0.0297088623046875","0.565185546875","0.565185546875","0.565185546875","0.00586700439453125","0.00586700439453125","0.00586700439453125"
"5720","0.0239410400390625","0.0239410400390625","0.0239410400390625","0.644287109375","0.644287109375","0.644287109375","0.01129913330078125","0.01129913330078125","0.01129913330078125"
"5730","0.048095703125","0.048095703125","0.048095703125","0.638916015625","0.638916015625","0.638916015625","0.01044464111328125","0.01044464111328125","0.01044464111328125"
"5740","0.02732086181640625","0.02732086181640625","0.02732086181640625","0.67529296875","0.67529296875","0.67529296875","0.01706695556640625","0.01706695556640625","0.01706695556640625"
"5750","0.079833984375","0.079833984375","0.079833984375","0.58154296875","0.58154296875","0.58154296875","0.01253509521484375","0.01253509521484375","0.01253509521484375"
"5760","0.03118896484375","0.03118896484375","0.03118896484375","0.661865234375","0.661865234375","0.661865234375","0.004764556884765625","0.004764556884765625","0.004764556884765625"
"5770","0.036716461181640625","0.036716461181640625","0.036716461181640625","0.653076171875","0.653076171875","0.653076171875","0.01100921630859375","0.01100921630859375","0.01100921630859375"
"5780","0.034149169921875","0.034149169921875","0.034149169921875","0.5321044921875","0.5321044921875","0.5321044921875","0.01409149169921875","0.01409149169921875","0.01409149169921875"
"5790","0.02130889892578125","0.02130889892578125","0.02130889892578125","0.73193359375","0.73193359375","0.73193359375","0.016332626342773438","0.016332626342773438","0.016332626342773438"
"5800","0.046482086181640625","0.046482086181640625","0.046482086181640625","0.5029296875","0.5029296875","0.5029296875","0.0112152099609375","0.0112152099609375","0.0112152099609375"
"5810","0.02581024169921875","0.02581024169921875","0.02581024169921875","0.563232421875","0.563232421875","0.563232421875","0.011722564697265625","0.011722564697265625","0.011722564697265625"
"5820","0.011701583862304688","0.011701583862304688","0.011701583862304688","0.48931884765625","0.48931884765625","0.48931884765625","0.012939453125","0.012939453125","0.012939453125"
"5830","0.00841522216796875","0.00841522216796875","0.00841522216796875","0.704345703125","0.704345703125","0.704345703125","0.010784149169921875","0.010784149169921875","0.010784149169921875"
"5840","0.0469207763671875","0.0469207763671875","0.0469207763671875","0.70849609375","0.70849609375","0.70849609375","0.00615692138671875","0.00615692138671875","0.00615692138671875"
"5850","0.0412139892578125","0.0412139892578125","0.0412139892578125","0.581787109375","0.581787109375","0.581787109375","0.0116119384765625","0.0116119384765625","0.0116119384765625"
"5860","0.0429840087890625","0.0429840087890625","0.0429840087890625","0.60009765625","0.60009765625","0.60009765625","0.01116943359375","0.01116943359375","0.01116943359375"
"5870","0.02960205078125","0.02960205078125","0.02960205078125","0.658935546875","0.658935546875","0.658935546875","0.0182647705078125","0.0182647705078125","0.0182647705078125"
"5880","0.04907989501953125","0.04907989501953125","0.04907989501953125","0.5511474609375","0.5511474609375","0.5511474609375","0.012165069580078125","0.012165069580078125","0.012165069580078125"
"5890","0.0286712646484375","0.0286712646484375","0.0286712646484375","0.52001953125","0.52001953125","0.52001953125","0.01076507568359375","0.01076507568359375","0.01076507568359375"
"5900","0.016925811767578125","0.016925811767578125","0.016925811767578125","0.528564453125","0.528564453125","0.528564453125","0.0078277587890625","0.0078277587890625","0.0078277587890625"
"5910","0.04288482666015625","0.04288482666015625","0.04288482666015625","0.592529296875","0.592529296875","0.592529296875","0.02288055419921875","0.02288055419921875","0.02288055419921875"
"5920","0.06632614135742188","0.06632614135742188","0.06632614135742188","0.52783203125","0.52783203125","0.52783203125","0.00902557373046875","0.00902557373046875","0.00902557373046875"
"5930","0.01372528076171875","0.01372528076171875","0.01372528076171875","0.72314453125","0.72314453125","0.72314453125","0.01485443115234375","0.01485443115234375","0.01485443115234375"
"5940","0.01975250244140625","0.01975250244140625","0.01975250244140625","0.466552734375","0.466552734375","0.466552734375","0.006862640380859375","0.006862640380859375","0.006862640380859375"
"5950","0.053440093994140625","0.053440093994140625","0.053440093994140625","0.65576171875","0.65576171875","0.65576171875","0.008983612060546875","0.008983612060546875","0.008983612060546875"
"5960","0.00960540771484375","0.00960540771484375","0.00960540771484375","0.7801513671875","0.7801513671875","0.7801513671875","0.01018524169921875","0.01018524169921875","0.01018524169921875"
"5970","0.012989044189453125","0.012989044189453125","0.012989044189453125","0.704345703125","0.704345703125","0.704345703125","0.0115814208984375","0.0115814208984375","0.0115814208984375"
"5980","0.04735565185546875","0.04735565185546875","0.04735565185546875","0.557373046875","0.557373046875","0.557373046875","0.0058441162109375","0.0058441162109375","0.0058441162109375"
"5990","0.034454345703125","0.034454345703125","0.034454345703125","0.636474609375","0.636474609375","0.636474609375","0.007953643798828125","0.007953643798828125","0.007953643798828125"
"6000","0.05606842041015625","0.05606842041015625","0.05606842041015625","0.627685546875","0.627685546875","0.627685546875","0.0112152099609375","0.0112152099609375","0.0112152099609375"
"6010","0.05153656005859375","0.05153656005859375","0.05153656005859375","0.4302978515625","0.4302978515625","0.4302978515625","0.01650238037109375","0.01650238037109375","0.01650238037109375"
"6020","0.032855987548828125","0.032855987548828125","0.032855987548828125","0.652587890625","0.652587890625","0.652587890625","0.008884429931640625","0.008884429931640625","0.008884429931640625"
"6030","0.04190826416015625","0.04190826416015625","0.04190826416015625","0.714111328125","0.714111328125","0.714111328125","0.007869720458984375","0.007869720458984375","0.007869720458984375"
"6040","0.0280303955078125","0.0280303955078125","0.0280303955078125","0.568603515625","0.568603515625","0.568603515625","0.009124755859375","0.009124755859375","0.009124755859375"
"6050","0.04294586181640625","0.04294586181640625","0.04294586181640625","0.69482421875","0.69482421875","0.69482421875","0.01457977294921875","0.01457977294921875","0.01457977294921875"
"6060","0.015987396240234375","0.015987396240234375","0.015987396240234375","0.669189453125","0.669189453125","0.669189453125","0.01828765869140625","0.01828765869140625","0.01828765869140625"
"6070","0.019866943359375","0.019866943359375","0.019866943359375","0.618408203125","0.618408203125","0.618408203125","0.012760162353515625","0.012760162353515625","0.012760162353515625"
"6080","0.023998260498046875","0.023998260498046875","0.023998260498046875","0.58837890625","0.58837890625","0.58837890625","0.01141357421875","0.01141357421875","0.01141357421875"
"6090","0.0364990234375","0.0364990234375","0.0364990234375","0.6417236328125","0.6417236328125","0.6417236328125","0.009731292724609375","0.009731292724609375","0.009731292724609375"
"6100","0.03884124755859375","0.03884124755859375","0.03884124755859375","0.572265625","0.572265625","0.572265625","0.0109710693359375","0.0109710693359375","0.0109710693359375"
"6110","0.023378372192382812","0.023378372192382812","0.023378372192382812","0.91259765625","0.91259765625","0.91259765625","0.01314544677734375","0.01314544677734375","0.01314544677734375"
"6120","0.0578460693359375","0.0578460693359375","0.0578460693359375","0.532958984375","0.532958984375","0.532958984375","0.01277923583984375","0.01277923583984375","0.01277923583984375"
"6130","0.047607421875","0.047607421875","0.047607421875","0.678955078125","0.678955078125","0.678955078125","0.020574569702148438","0.020574569702148438","0.020574569702148438"
"6140","0.006591796875","0.006591796875","0.006591796875","0.7646484375","0.7646484375","0.7646484375","0.015758514404296875","0.015758514404296875","0.015758514404296875"
"6150","0.03916168212890625","0.03916168212890625","0.03916168212890625","0.6871337890625","0.6871337890625","0.6871337890625","0.00717926025390625","0.00717926025390625","0.00717926025390625"
"6160","0.0413818359375","0.0413818359375","0.0413818359375","0.693359375","0.693359375","0.693359375","0.0110931396484375","0.0110931396484375","0.0110931396484375"
"6170","0.036655426025390625","0.036655426025390625","0.036655426025390625","0.77978515625","0.77978515625","0.77978515625","0.010051727294921875","0.010051727294921875","0.010051727294921875"
"6180","0.0296783447265625","0.0296783447265625","0.0296783447265625","0.65380859375","0.65380859375","0.65380859375","0.01871490478515625","0.01871490478515625","0.01871490478515625"
"6190","0.0479278564453125","0.0479278564453125","0.0479278564453125","0.62164306640625","0.62164306640625","0.62164306640625","0.01290130615234375","0.01290130615234375","0.01290130615234375"
"6200","0.020298004150390625","0.020298004150390625","0.020298004150390625","0.50299072265625","0.50299072265625","0.50299072265625","0.0218048095703125","0.0218048095703125","0.0218048095703125"
"6210","0.0245208740234375","0.0245208740234375","0.0245208740234375","0.6630859375","0.6630859375","0.6630859375","0.015018463134765625","0.015018463134765625","0.015018463134765625"
"6220","0.0239105224609375","0.0239105224609375","0.0239105224609375","0.66455078125","0.66455078125","0.66455078125","0.01815032958984375","0.01815032958984375","0.01815032958984375"
"6230","0.0168609619140625","0.0168609619140625","0.0168609619140625","0.81640625","0.81640625","0.81640625","0.0150146484375","0.0150146484375","0.0150146484375"
"6240","0.008783340454101562","0.008783340454101562","0.008783340454101562","0.87939453125","0.87939453125","0.87939453125","0.00788116455078125","0.00788116455078125","0.00788116455078125"
"6250","0.0267791748046875","0.0267791748046875","0.0267791748046875","0.59130859375","0.59130859375","0.59130859375","0.007625579833984375","0.007625579833984375","0.007625579833984375"
"6260","0.0227813720703125","0.0227813720703125","0.0227813720703125","0.75244140625","0.75244140625","0.75244140625","0.007843017578125","0.007843017578125","0.007843017578125"
"6270","0.019184112548828125","0.019184112548828125","0.019184112548828125","0.8125","0.8125","0.8125","0.009578704833984375","0.009578704833984375","0.009578704833984375"
"6280","0.02268218994140625","0.02268218994140625","0.02268218994140625","0.79736328125","0.79736328125","0.79736328125","0.010498046875","0.010498046875","0.010498046875"
"6290","0.03934478759765625","0.03934478759765625","0.03934478759765625","0.5108642578125","0.5108642578125","0.5108642578125","0.01447296142578125","0.01447296142578125","0.01447296142578125"
"6300","0.03156280517578125","0.03156280517578125","0.03156280517578125","0.724609375","0.724609375","0.724609375","0.009807586669921875","0.009807586669921875","0.009807586669921875"
"6310","0.0233612060546875","0.0233612060546875","0.0233612060546875","0.8037109375","0.8037109375","0.8037109375","0.01181793212890625","0.01181793212890625","0.01181793212890625"
"6320","0.015106201171875","0.015106201171875","0.015106201171875","0.5809326171875","0.5809326171875","0.5809326171875","0.0162811279296875","0.0162811279296875","0.0162811279296875"
"6330","0.0189208984375","0.0189208984375","0.0189208984375","0.5567626953125","0.5567626953125","0.5567626953125","0.009632110595703125","0.009632110595703125","0.009632110595703125"
"6340","0.0204925537109375","0.0204925537109375","0.0204925537109375","0.533935546875","0.533935546875","0.533935546875","0.0096588134765625","0.0096588134765625","0.0096588134765625"
"6350","0.0214996337890625","0.0214996337890625","0.0214996337890625","0.557861328125","0.557861328125","0.557861328125","0.007450103759765625","0.007450103759765625","0.007450103759765625"
"6360","0.020763397216796875","0.020763397216796875","0.020763397216796875","0.64453125","0.64453125","0.64453125","0.006500244140625","0.006500244140625","0.006500244140625"
"6370","0.054584503173828125","0.054584503173828125","0.054584503173828125","0.39813232421875","0.39813232421875","0.39813232421875","0.013568878173828125","0.013568878173828125","0.013568878173828125"
"6380","0.0147857666015625","0.0147857666015625","0.0147857666015625","0.355224609375","0.355224609375","0.355224609375","0.01836395263671875","0.01836395263671875","0.01836395263671875"
"6390","0.04042816162109375","0.04042816162109375","0.04042816162109375","0.532470703125","0.532470703125","0.532470703125","0.026641845703125","0.026641845703125","0.026641845703125"
"6400","0.01055145263671875","0.01055145263671875","0.01055145263671875","0.671875","0.671875","0.671875","0.0181121826171875","0.0181121826171875","0.0181121826171875"
"6410","0.011669158935546875","0.011669158935546875","0.011669158935546875","0.656982421875","0.656982421875","0.656982421875","0.007354736328125","0.007354736328125","0.007354736328125"
"6420","0.05860137939453125","0.05860137939453125","0.05860137939453125","0.591796875","0.591796875","0.591796875","0.01071929931640625","0.01071929931640625","0.01071929931640625"
"6430","0.0307159423828125","0.0307159423828125","0.0307159423828125","0.412353515625","0.412353515625","0.412353515625","0.012805938720703125","0.012805938720703125","0.012805938720703125"
"6440","0.01519775390625","0.01519775390625","0.01519775390625","0.6591796875","0.6591796875","0.6591796875","0.01369476318359375","0.01369476318359375","0.01369476318359375"
"6450","0.016551971435546875","0.016551971435546875","0.016551971435546875","0.652099609375","0.652099609375","0.652099609375","0.008337020874023438","0.008337020874023438","0.008337020874023438"
"6460","0.0265655517578125","0.0265655517578125","0.0265655517578125","0.553466796875","0.553466796875","0.553466796875","0.01580047607421875","0.01580047607421875","0.01580047607421875"
"6470","0.051116943359375","0.051116943359375","0.051116943359375","0.564453125","0.564453125","0.564453125","0.00754547119140625","0.00754547119140625","0.00754547119140625"
"6480","0.016681671142578125","0.016681671142578125","0.016681671142578125","0.55401611328125","0.55401611328125","0.55401611328125","0.013797760009765625","0.013797760009765625","0.013797760009765625"
"6490","0.0303497314453125","0.0303497314453125","0.0303497314453125","0.677490234375","0.677490234375","0.677490234375","0.007571220397949219","0.007571220397949219","0.007571220397949219"
"6500","0.020660400390625","0.020660400390625","0.020660400390625","0.587646484375","0.587646484375","0.587646484375","0.01261138916015625","0.01261138916015625","0.01261138916015625"
"6510","0.05503082275390625","0.05503082275390625","0.05503082275390625","0.62158203125","0.62158203125","0.62158203125","0.01001739501953125","0.01001739501953125","0.01001739501953125"
"6520","0.02170562744140625","0.02170562744140625","0.02170562744140625","0.6048583984375","0.6048583984375","0.6048583984375","0.007579803466796875","0.007579803466796875","0.007579803466796875"
"6530","0.02149200439453125","0.02149200439453125","0.02149200439453125","0.774658203125","0.774658203125","0.774658203125","0.012981414794921875","0.012981414794921875","0.012981414794921875"
"6540","0.01317596435546875","0.01317596435546875","0.01317596435546875","0.576416015625","0.576416015625","0.576416015625","0.00948333740234375","0.00948333740234375","0.00948333740234375"
"6550","0.027553558349609375","0.027553558349609375","0.027553558349609375","0.42919921875","0.42919921875","0.42919921875","0.016876220703125","0.016876220703125","0.016876220703125"
"6560","0.03905487060546875","0.03905487060546875","0.03905487060546875","0.514404296875","0.514404296875","0.514404296875","0.01490020751953125","0.01490020751953125","0.01490020751953125"
"6570","0.023586273193359375","0.023586273193359375","0.023586273193359375","0.627685546875","0.627685546875","0.627685546875","0.015380859375","0.015380859375","0.015380859375"
"6580","0.0462646484375","0.0462646484375","0.0462646484375","0.7034912109375","0.7034912109375","0.7034912109375","0.01575469970703125","0.01575469970703125","0.01575469970703125"
"6590","0.01938629150390625","0.01938629150390625","0.01938629150390625","0.583740234375","0.583740234375","0.583740234375","0.0261688232421875","0.0261688232421875","0.0261688232421875"
"6600","0.013759613037109375","0.013759613037109375","0.013759613037109375","0.626708984375","0.626708984375","0.626708984375","0.0107574462890625","0.0107574462890625","0.0107574462890625"
"6610","0.0167236328125","0.0167236328125","0.0167236328125","0.5673828125","0.5673828125","0.5673828125","0.007007598876953125","0.007007598876953125","0.007007598876953125"
"6620","0.021398544311523438","0.021398544311523438","0.021398544311523438","0.538818359375","0.538818359375","0.538818359375","0.007999420166015625","0.007999420166015625","0.007999420166015625"
"6630","0.029270172119140625","0.029270172119140625","0.029270172119140625","0.697265625","0.697265625","0.697265625","0.01129150390625","0.01129150390625","0.01129150390625"
"6640","0.017543792724609375","0.017543792724609375","0.017543792724609375","0.5535888671875","0.5535888671875","0.5535888671875","0.01274871826171875","0.01274871826171875","0.01274871826171875"
"6650","0.017852783203125","0.017852783203125","0.017852783203125","0.59423828125","0.59423828125","0.59423828125","0.0108184814453125","0.0108184814453125","0.0108184814453125"
"6660","0.0161895751953125","0.0161895751953125","0.0161895751953125","0.6685791015625","0.6685791015625","0.6685791015625","0.01239776611328125","0.01239776611328125","0.01239776611328125"
"6670","0.03094482421875","0.03094482421875","0.03094482421875","0.593994140625","0.593994140625","0.593994140625","0.004970550537109375","0.004970550537109375","0.004970550537109375"
"6680","0.0372772216796875","0.0372772216796875","0.0372772216796875","0.563232421875","0.563232421875","0.563232421875","0.0052509307861328125","0.0052509307861328125","0.0052509307861328125"
"6690","0.02126312255859375","0.02126312255859375","0.02126312255859375","0.4873046875","0.4873046875","0.4873046875","0.00740814208984375","0.00740814208984375","0.00740814208984375"
"6700","0.0235443115234375","0.0235443115234375","0.0235443115234375","0.818359375","0.818359375","0.818359375","0.00818634033203125","0.00818634033203125","0.00818634033203125"
"6710","0.03438568115234375","0.03438568115234375","0.03438568115234375","0.75244140625","0.75244140625","0.75244140625","0.0192413330078125","0.0192413330078125","0.0192413330078125"
"6720","0.01909637451171875","0.01909637451171875","0.01909637451171875","0.538818359375","0.538818359375","0.538818359375","0.0108795166015625","0.0108795166015625","0.0108795166015625"
"6730","0.02356719970703125","0.02356719970703125","0.02356719970703125","0.5777587890625","0.5777587890625","0.5777587890625","0.010101318359375","0.010101318359375","0.010101318359375"
"6740","0.0347137451171875","0.0347137451171875","0.0347137451171875","0.59521484375","0.59521484375","0.59521484375","0.00661468505859375","0.00661468505859375","0.00661468505859375"
"6750","0.0371856689453125","0.0371856689453125","0.0371856689453125","0.561767578125","0.561767578125","0.561767578125","0.0141448974609375","0.0141448974609375","0.0141448974609375"
"6760","0.02227783203125","0.02227783203125","0.02227783203125","0.568603515625","0.568603515625","0.568603515625","0.010601043701171875","0.010601043701171875","0.010601043701171875"
"6770","0.0139617919921875","0.0139617919921875","0.0139617919921875","0.5791015625","0.5791015625","0.5791015625","0.01738739013671875","0.01738739013671875","0.01738739013671875"
"6780","0.031005859375","0.031005859375","0.031005859375","0.516845703125","0.516845703125","0.516845703125","0.01743316650390625","0.01743316650390625","0.01743316650390625"
"6790","0.03195953369140625","0.03195953369140625","0.03195953369140625","0.530517578125","0.530517578125","0.530517578125","0.0158233642578125","0.0158233642578125","0.0158233642578125"
"6800","0.027435302734375","0.027435302734375","0.027435302734375","0.593017578125","0.593017578125","0.593017578125","0.01071929931640625","0.01071929931640625","0.01071929931640625"
"6810","0.024875640869140625","0.024875640869140625","0.024875640869140625","0.679931640625","0.679931640625","0.679931640625","0.01140594482421875","0.01140594482421875","0.01140594482421875"
"6820","0.01572418212890625","0.01572418212890625","0.01572418212890625","0.642578125","0.642578125","0.642578125","0.009019851684570312","0.009019851684570312","0.009019851684570312"
"6830","0.02423095703125","0.02423095703125","0.02423095703125","0.591552734375","0.591552734375","0.591552734375","0.01781463623046875","0.01781463623046875","0.01781463623046875"
"6840","0.02164459228515625","0.02164459228515625","0.02164459228515625","0.72216796875","0.72216796875","0.72216796875","0.009952545166015625","0.009952545166015625","0.009952545166015625"
"6850","0.01818084716796875","0.01818084716796875","0.01818084716796875","0.60302734375","0.60302734375","0.60302734375","0.016056060791015625","0.016056060791015625","0.016056060791015625"
"6860","0.01145172119140625","0.01145172119140625","0.01145172119140625","0.697998046875","0.697998046875","0.697998046875","0.0148468017578125","0.0148468017578125","0.0148468017578125"
"6870","0.0404052734375","0.0404052734375","0.0404052734375","0.576904296875","0.576904296875","0.576904296875","0.01842498779296875","0.01842498779296875","0.01842498779296875"
"6880","0.04736328125","0.04736328125","0.04736328125","0.703369140625","0.703369140625","0.703369140625","0.01302337646484375","0.01302337646484375","0.01302337646484375"
"6890","0.0341033935546875","0.0341033935546875","0.0341033935546875","0.65869140625","0.65869140625","0.65869140625","0.00870513916015625","0.00870513916015625","0.00870513916015625"
"6900","0.060726165771484375","0.060726165771484375","0.060726165771484375","0.581298828125","0.581298828125","0.581298828125","0.01202392578125","0.01202392578125","0.01202392578125"
"6910","0.01160430908203125","0.01160430908203125","0.01160430908203125","0.5035400390625","0.5035400390625","0.5035400390625","0.00724029541015625","0.00724029541015625","0.00724029541015625"
"6920","0.026123046875","0.026123046875","0.026123046875","0.8056640625","0.8056640625","0.8056640625","0.0182952880859375","0.0182952880859375","0.0182952880859375"
"6930","0.05530548095703125","0.05530548095703125","0.05530548095703125","0.603515625","0.603515625","0.603515625","0.011753082275390625","0.011753082275390625","0.011753082275390625"
"6940","0.013092041015625","0.013092041015625","0.013092041015625","0.61474609375","0.61474609375","0.61474609375","0.01319122314453125","0.01319122314453125","0.01319122314453125"
"6950","0.020050048828125","0.020050048828125","0.020050048828125","0.6806640625","0.6806640625","0.6806640625","0.009899139404296875","0.009899139404296875","0.009899139404296875"
"6960","0.02153778076171875","0.02153778076171875","0.02153778076171875","0.5618896484375","0.5618896484375","0.5618896484375","0.013309478759765625","0.013309478759765625","0.013309478759765625"
"6970","0.0174102783203125","0.0174102783203125","0.0174102783203125","0.555419921875","0.555419921875","0.555419921875","0.012714385986328125","0.012714385986328125","0.012714385986328125"
"6980","0.012847900390625","0.012847900390625","0.012847900390625","0.76220703125","0.76220703125","0.76220703125","0.0162811279296875","0.0162811279296875","0.0162811279296875"
"6990","0.0352325439453125","0.0352325439453125","0.0352325439453125","0.6796875","0.6796875","0.6796875","0.015167236328125","0.015167236328125","0.015167236328125"
"7000","0.066680908203125","0.066680908203125","0.066680908203125","0.4576416015625","0.4576416015625","0.4576416015625","0.011096954345703125","0.011096954345703125","0.011096954345703125"
"7010","0.030853271484375","0.030853271484375","0.030853271484375","0.616943359375","0.616943359375","0.616943359375","0.0077190399169921875","0.0077190399169921875","0.0077190399169921875"
"7020","0.0328521728515625","0.0328521728515625","0.0328521728515625","0.73236083984375","0.73236083984375","0.73236083984375","0.013002395629882812","0.013002395629882812","0.013002395629882812"
"7030","0.0333099365234375","0.0333099365234375","0.0333099365234375","0.75439453125","0.75439453125","0.75439453125","0.0090179443359375","0.0090179443359375","0.0090179443359375"
"7040","0.02310943603515625","0.02310943603515625","0.02310943603515625","0.61083984375","0.61083984375","0.61083984375","0.0170135498046875","0.0170135498046875","0.0170135498046875"
"7050","0.03722381591796875","0.03722381591796875","0.03722381591796875","0.5478515625","0.5478515625","0.5478515625","0.0137786865234375","0.0137786865234375","0.0137786865234375"
"7060","0.058139801025390625","0.058139801025390625","0.058139801025390625","0.6104736328125","0.6104736328125","0.6104736328125","0.0110931396484375","0.0110931396484375","0.0110931396484375"
"7070","0.03697967529296875","0.03697967529296875","0.03697967529296875","0.49951171875","0.49951171875","0.49951171875","0.01200103759765625","0.01200103759765625","0.01200103759765625"
"7080","0.0146026611328125","0.0146026611328125","0.0146026611328125","0.696533203125","0.696533203125","0.696533203125","0.00737762451171875","0.00737762451171875","0.00737762451171875"
"7090","0.07762908935546875","0.07762908935546875","0.07762908935546875","0.677978515625","0.677978515625","0.677978515625","0.01712799072265625","0.01712799072265625","0.01712799072265625"
"7100","0.01837921142578125","0.01837921142578125","0.01837921142578125","0.654541015625","0.654541015625","0.654541015625","0.01906585693359375","0.01906585693359375","0.01906585693359375"
"7110","0.02245330810546875","0.02245330810546875","0.02245330810546875","0.599853515625","0.599853515625","0.599853515625","0.0061054229736328125","0.0061054229736328125","0.0061054229736328125"
"7120","0.0238189697265625","0.0238189697265625","0.0238189697265625","0.528076171875","0.528076171875","0.528076171875","0.00982666015625","0.00982666015625","0.00982666015625"
"7130","0.02227783203125","0.02227783203125","0.02227783203125","0.635986328125","0.635986328125","0.635986328125","0.0087890625","0.0087890625","0.0087890625"
"7140","0.0171966552734375","0.0171966552734375","0.0171966552734375","0.58935546875","0.58935546875","0.58935546875","0.01496124267578125","0.01496124267578125","0.01496124267578125"
"7150","0.0216522216796875","0.0216522216796875","0.0216522216796875","0.4656982421875","0.4656982421875","0.4656982421875","0.00722503662109375","0.00722503662109375","0.00722503662109375"
"7160","0.03630828857421875","0.03630828857421875","0.03630828857421875","0.745849609375","0.745849609375","0.745849609375","0.00885772705078125","0.00885772705078125","0.00885772705078125"
"7170","0.019336700439453125","0.019336700439453125","0.019336700439453125","0.65966796875","0.65966796875","0.65966796875","0.0070285797119140625","0.0070285797119140625","0.0070285797119140625"
"7180","0.01718902587890625","0.01718902587890625","0.01718902587890625","0.84521484375","0.84521484375","0.84521484375","0.01045989990234375","0.01045989990234375","0.01045989990234375"
"7190","0.036224365234375","0.036224365234375","0.036224365234375","0.6580810546875","0.6580810546875","0.6580810546875","0.00873565673828125","0.00873565673828125","0.00873565673828125"
"7200","0.022144317626953125","0.022144317626953125","0.022144317626953125","0.4444580078125","0.4444580078125","0.4444580078125","0.01087188720703125","0.01087188720703125","0.01087188720703125"
"7210","0.012273788452148438","0.012273788452148438","0.012273788452148438","0.65234375","0.65234375","0.65234375","0.0182647705078125","0.0182647705078125","0.0182647705078125"
"7220","0.02545166015625","0.02545166015625","0.02545166015625","0.638427734375","0.638427734375","0.638427734375","0.00904083251953125","0.00904083251953125","0.00904083251953125"
"7230","0.042755126953125","0.042755126953125","0.042755126953125","0.70458984375","0.70458984375","0.70458984375","0.012542724609375","0.012542724609375","0.012542724609375"
"7240","0.0238494873046875","0.0238494873046875","0.0238494873046875","0.540771484375","0.540771484375","0.540771484375","0.013507843017578125","0.013507843017578125","0.013507843017578125"
"7250","0.0160675048828125","0.0160675048828125","0.0160675048828125","0.609375","0.609375","0.609375","0.01412200927734375","0.01412200927734375","0.01412200927734375"
"7260","0.03841400146484375","0.03841400146484375","0.03841400146484375","0.7158203125","0.7158203125","0.7158203125","0.0072784423828125","0.0072784423828125","0.0072784423828125"
"7270","0.01676177978515625","0.01676177978515625","0.01676177978515625","0.6630859375","0.6630859375","0.6630859375","0.01102447509765625","0.01102447509765625","0.01102447509765625"
"7280","0.03363037109375","0.03363037109375","0.03363037109375","0.68798828125","0.68798828125","0.68798828125","0.007915496826171875","0.007915496826171875","0.007915496826171875"
"7290","0.020023345947265625","0.020023345947265625","0.020023345947265625","0.6044921875","0.6044921875","0.6044921875","0.0124359130859375","0.0124359130859375","0.0124359130859375"
"7300","0.02382659912109375","0.02382659912109375","0.02382659912109375","0.6605224609375","0.6605224609375","0.6605224609375","0.01244354248046875","0.01244354248046875","0.01244354248046875"
"7310","0.013301849365234375","0.013301849365234375","0.013301849365234375","0.72802734375","0.72802734375","0.72802734375","0.01291656494140625","0.01291656494140625","0.01291656494140625"
"7320","0.010646820068359375","0.010646820068359375","0.010646820068359375","0.4869384765625","0.4869384765625","0.4869384765625","0.0143890380859375","0.0143890380859375","0.0143890380859375"
"7330","0.016815185546875","0.016815185546875","0.016815185546875","0.67584228515625","0.67584228515625","0.67584228515625","0.02301025390625","0.02301025390625","0.02301025390625"
"7340","0.01116180419921875","0.01116180419921875","0.01116180419921875","0.699951171875","0.699951171875","0.699951171875","0.00933074951171875","0.00933074951171875","0.00933074951171875"
"7350","0.01026153564453125","0.01026153564453125","0.01026153564453125","0.58056640625","0.58056640625","0.58056640625","0.01617431640625","0.01617431640625","0.01617431640625"
"7360","0.0100250244140625","0.0100250244140625","0.0100250244140625","0.62939453125","0.62939453125","0.62939453125","0.012638092041015625","0.012638092041015625","0.012638092041015625"
"7370","0.02562713623046875","0.02562713623046875","0.02562713623046875","0.5394287109375","0.5394287109375","0.5394287109375","0.0128326416015625","0.0128326416015625","0.0128326416015625"
"7380","0.0293121337890625","0.0293121337890625","0.0293121337890625","0.5478515625","0.5478515625","0.5478515625","0.02159881591796875","0.02159881591796875","0.02159881591796875"
"7390","0.0326080322265625","0.0326080322265625","0.0326080322265625","0.554443359375","0.554443359375","0.554443359375","0.010715484619140625","0.010715484619140625","0.010715484619140625"
"7400","0.01801300048828125","0.01801300048828125","0.01801300048828125","0.638671875","0.638671875","0.638671875","0.011077880859375","0.011077880859375","0.011077880859375"
"7410","0.017328262329101562","0.017328262329101562","0.017328262329101562","0.590576171875","0.590576171875","0.590576171875","0.0060272216796875","0.0060272216796875","0.0060272216796875"
"7420","0.0239105224609375","0.0239105224609375","0.0239105224609375","0.74609375","0.74609375","0.74609375","0.01335906982421875","0.01335906982421875","0.01335906982421875"
"7430","0.03722381591796875","0.03722381591796875","0.03722381591796875","0.615966796875","0.615966796875","0.615966796875","0.008846282958984375","0.008846282958984375","0.008846282958984375"
"7440","0.024274826049804688","0.024274826049804688","0.024274826049804688","0.67529296875","0.67529296875","0.67529296875","0.0142364501953125","0.0142364501953125","0.0142364501953125"
"7450","0.043670654296875","0.043670654296875","0.043670654296875","0.470458984375","0.470458984375","0.470458984375","0.00795745849609375","0.00795745849609375","0.00795745849609375"
"7460","0.0149688720703125","0.0149688720703125","0.0149688720703125","0.724609375","0.724609375","0.724609375","0.007232666015625","0.007232666015625","0.007232666015625"
"7470","0.0393829345703125","0.0393829345703125","0.0393829345703125","0.7049560546875","0.7049560546875","0.7049560546875","0.0180511474609375","0.0180511474609375","0.0180511474609375"
"7480","0.049652099609375","0.049652099609375","0.049652099609375","0.4949951171875","0.4949951171875","0.4949951171875","0.013519287109375","0.013519287109375","0.013519287109375"
"7490","0.050506591796875","0.050506591796875","0.050506591796875","0.7373046875","0.7373046875","0.7373046875","0.008880615234375","0.008880615234375","0.008880615234375"
"7500","0.0457763671875","0.0457763671875","0.0457763671875","0.62109375","0.62109375","0.62109375","0.017333984375","0.017333984375","0.017333984375"
"7510","0.0349273681640625","0.0349273681640625","0.0349273681640625","0.5303955078125","0.5303955078125","0.5303955078125","0.011592864990234375","0.011592864990234375","0.011592864990234375"
"7520","0.0273590087890625","0.0273590087890625","0.0273590087890625","0.370849609375","0.370849609375","0.370849609375","0.01373291015625","0.01373291015625","0.01373291015625"
"7530","0.023468017578125","0.023468017578125","0.023468017578125","0.6953125","0.6953125","0.6953125","0.008228302001953125","0.008228302001953125","0.008228302001953125"
"7540","0.0187225341796875","0.0187225341796875","0.0187225341796875","0.4443359375","0.4443359375","0.4443359375","0.01064300537109375","0.01064300537109375","0.01064300537109375"
"7550","0.0413818359375","0.0413818359375","0.0413818359375","0.67138671875","0.67138671875","0.67138671875","0.0146026611328125","0.0146026611328125","0.0146026611328125"
"7560","0.0337982177734375","0.0337982177734375","0.0337982177734375","0.859375","0.859375","0.859375","0.01531219482421875","0.01531219482421875","0.01531219482421875"
"7570","0.01668548583984375","0.01668548583984375","0.01668548583984375","0.53759765625","0.53759765625","0.53759765625","0.00969696044921875","0.00969696044921875","0.00969696044921875"
"7580","0.01265716552734375","0.01265716552734375","0.01265716552734375","0.64501953125","0.64501953125","0.64501953125","0.0070037841796875","0.0070037841796875","0.0070037841796875"
"7590","0.012073516845703125","0.012073516845703125","0.012073516845703125","0.6201171875","0.6201171875","0.6201171875","0.00635528564453125","0.00635528564453125","0.00635528564453125"
"7600","0.0377960205078125","0.0377960205078125","0.0377960205078125","0.53271484375","0.53271484375","0.53271484375","0.007686614990234375","0.007686614990234375","0.007686614990234375"
"7610","0.0230255126953125","0.0230255126953125","0.0230255126953125","0.5118408203125","0.5118408203125","0.5118408203125","0.0084686279296875","0.0084686279296875","0.0084686279296875"
"7620","0.0333251953125","0.0333251953125","0.0333251953125","0.586669921875","0.586669921875","0.586669921875","0.00848388671875","0.00848388671875","0.00848388671875"
"7630","0.01154327392578125","0.01154327392578125","0.01154327392578125","0.5478515625","0.5478515625","0.5478515625","0.007877349853515625","0.007877349853515625","0.007877349853515625"
"7640","0.01462554931640625","0.01462554931640625","0.01462554931640625","0.656005859375","0.656005859375","0.656005859375","0.00748443603515625","0.00748443603515625","0.00748443603515625"
"7650","0.010044097900390625","0.010044097900390625","0.010044097900390625","0.606201171875","0.606201171875","0.606201171875","0.012725830078125","0.012725830078125","0.012725830078125"
"7660","0.01999664306640625","0.01999664306640625","0.01999664306640625","0.6123046875","0.6123046875","0.6123046875","0.01255035400390625","0.01255035400390625","0.01255035400390625"
"7670","0.014751434326171875","0.014751434326171875","0.014751434326171875","0.7550048828125","0.7550048828125","0.7550048828125","0.0047454833984375","0.0047454833984375","0.0047454833984375"
"7680","0.0324859619140625","0.0324859619140625","0.0324859619140625","0.573486328125","0.573486328125","0.573486328125","0.009815216064453125","0.009815216064453125","0.009815216064453125"
"7690","0.01607513427734375","0.01607513427734375","0.01607513427734375","0.5223388671875","0.5223388671875","0.5223388671875","0.0069427490234375","0.0069427490234375","0.0069427490234375"
"7700","0.019298553466796875","0.019298553466796875","0.019298553466796875","0.74560546875","0.74560546875","0.74560546875","0.00690460205078125","0.00690460205078125","0.00690460205078125"
"7710","0.036834716796875","0.036834716796875","0.036834716796875","0.52490234375","0.52490234375","0.52490234375","0.00911712646484375","0.00911712646484375","0.00911712646484375"
"7720","0.03627586364746094","0.03627586364746094","0.03627586364746094","0.44091796875","0.44091796875","0.44091796875","0.0054931640625","0.0054931640625","0.0054931640625"
"7730","0.010570526123046875","0.010570526123046875","0.010570526123046875","0.6502685546875","0.6502685546875","0.6502685546875","0.01171112060546875","0.01171112060546875","0.01171112060546875"
"7740","0.026882171630859375","0.026882171630859375","0.026882171630859375","0.6708984375","0.6708984375","0.6708984375","0.01299285888671875","0.01299285888671875","0.01299285888671875"
"7750","0.03026580810546875","0.03026580810546875","0.03026580810546875","0.685791015625","0.685791015625","0.685791015625","0.008808135986328125","0.008808135986328125","0.008808135986328125"
"7760","0.033721923828125","0.033721923828125","0.033721923828125","0.731689453125","0.731689453125","0.731689453125","0.011190414428710938","0.011190414428710938","0.011190414428710938"
"7770","0.01412200927734375","0.01412200927734375","0.01412200927734375","0.6519775390625","0.6519775390625","0.6519775390625","0.00870513916015625","0.00870513916015625","0.00870513916015625"
"7780","0.0238037109375","0.0238037109375","0.0238037109375","0.61083984375","0.61083984375","0.61083984375","0.01657867431640625","0.01657867431640625","0.01657867431640625"
"7790","0.01938629150390625","0.01938629150390625","0.01938629150390625","0.66961669921875","0.66961669921875","0.66961669921875","0.017059326171875","0.017059326171875","0.017059326171875"
"7800","0.00875091552734375","0.00875091552734375","0.00875091552734375","0.75341796875","0.75341796875","0.75341796875","0.004436492919921875","0.004436492919921875","0.004436492919921875"
"7810","0.02573394775390625","0.02573394775390625","0.02573394775390625","0.580322265625","0.580322265625","0.580322265625","0.012237548828125","0.012237548828125","0.012237548828125"
"7820","0.0118560791015625","0.0118560791015625","0.0118560791015625","0.6322021484375","0.6322021484375","0.6322021484375","0.0120849609375","0.0120849609375","0.0120849609375"
"7830","0.02081298828125","0.02081298828125","0.02081298828125","0.638671875","0.638671875","0.638671875","0.008678436279296875","0.008678436279296875","0.008678436279296875"
"7840","0.0386505126953125","0.0386505126953125","0.0386505126953125","0.68701171875","0.68701171875","0.68701171875","0.0158843994140625","0.0158843994140625","0.0158843994140625"
"7850","0.019439697265625","0.019439697265625","0.019439697265625","0.632568359375","0.632568359375","0.632568359375","0.01493072509765625","0.01493072509765625","0.01493072509765625"
"7860","0.0425567626953125","0.0425567626953125","0.0425567626953125","0.6129150390625","0.6129150390625","0.6129150390625","0.007659912109375","0.007659912109375","0.007659912109375"
"7870","0.0289306640625","0.0289306640625","0.0289306640625","0.51800537109375","0.51800537109375","0.51800537109375","0.013671875","0.013671875","0.013671875"
"7880","0.0471954345703125","0.0471954345703125","0.0471954345703125","0.3814697265625","0.3814697265625","0.3814697265625","0.015655517578125","0.015655517578125","0.015655517578125"
"7890","0.0162200927734375","0.0162200927734375","0.0162200927734375","0.640380859375","0.640380859375","0.640380859375","0.008394241333007812","0.008394241333007812","0.008394241333007812"
"7900","0.0250396728515625","0.0250396728515625","0.0250396728515625","0.58544921875","0.58544921875","0.58544921875","0.00994873046875","0.00994873046875","0.00994873046875"
"7910","0.00737762451171875","0.00737762451171875","0.00737762451171875","0.63525390625","0.63525390625","0.63525390625","0.01001739501953125","0.01001739501953125","0.01001739501953125"
"7920","0.05449676513671875","0.05449676513671875","0.05449676513671875","0.739013671875","0.739013671875","0.739013671875","0.010181427001953125","0.010181427001953125","0.010181427001953125"
"7930","0.0460205078125","0.0460205078125","0.0460205078125","0.63037109375","0.63037109375","0.63037109375","0.0085296630859375","0.0085296630859375","0.0085296630859375"
"7940","0.0641632080078125","0.0641632080078125","0.0641632080078125","0.63916015625","0.63916015625","0.63916015625","0.01413726806640625","0.01413726806640625","0.01413726806640625"
"7950","0.06005096435546875","0.06005096435546875","0.06005096435546875","0.68408203125","0.68408203125","0.68408203125","0.009746551513671875","0.009746551513671875","0.009746551513671875"
"7960","0.0153656005859375","0.0153656005859375","0.0153656005859375","0.674774169921875","0.674774169921875","0.674774169921875","0.00962066650390625","0.00962066650390625","0.00962066650390625"
"7970","0.039459228515625","0.039459228515625","0.039459228515625","0.7138671875","0.7138671875","0.7138671875","0.010251998901367188","0.010251998901367188","0.010251998901367188"
"7980","0.046390533447265625","0.046390533447265625","0.046390533447265625","0.523681640625","0.523681640625","0.523681640625","0.01316070556640625","0.01316070556640625","0.01316070556640625"
"7990","0.01152801513671875","0.01152801513671875","0.01152801513671875","0.551513671875","0.551513671875","0.551513671875","0.00720977783203125","0.00720977783203125","0.00720977783203125"
"8000","0.02478790283203125","0.02478790283203125","0.02478790283203125","0.5194091796875","0.5194091796875","0.5194091796875","0.0085601806640625","0.0085601806640625","0.0085601806640625"
"8010","0.011569976806640625","0.011569976806640625","0.011569976806640625","0.5096435546875","0.5096435546875","0.5096435546875","0.006450653076171875","0.006450653076171875","0.006450653076171875"
"8020","0.012729644775390625","0.012729644775390625","0.012729644775390625","0.662109375","0.662109375","0.662109375","0.00684356689453125","0.00684356689453125","0.00684356689453125"
"8030","0.0312652587890625","0.0312652587890625","0.0312652587890625","0.57080078125","0.57080078125","0.57080078125","0.00732421875","0.00732421875","0.00732421875"
"8040","0.0128326416015625","0.0128326416015625","0.0128326416015625","0.6494140625","0.6494140625","0.6494140625","0.010723114013671875","0.010723114013671875","0.010723114013671875"
"8050","0.0326995849609375","0.0326995849609375","0.0326995849609375","0.6337890625","0.6337890625","0.6337890625","0.01712799072265625","0.01712799072265625","0.01712799072265625"
"8060","0.0359954833984375","0.0359954833984375","0.0359954833984375","0.646484375","0.646484375","0.646484375","0.009517669677734375","0.009517669677734375","0.009517669677734375"
"8070","0.0153045654296875","0.0153045654296875","0.0153045654296875","0.68603515625","0.68603515625","0.68603515625","0.006008148193359375","0.006008148193359375","0.006008148193359375"
"8080","0.02619171142578125","0.02619171142578125","0.02619171142578125","0.591064453125","0.591064453125","0.591064453125","0.01064300537109375","0.01064300537109375","0.01064300537109375"
"8090","0.0131988525390625","0.0131988525390625","0.0131988525390625","0.5677490234375","0.5677490234375","0.5677490234375","0.01720428466796875","0.01720428466796875","0.01720428466796875"
"8100","0.021331787109375","0.021331787109375","0.021331787109375","0.751953125","0.751953125","0.751953125","0.01078033447265625","0.01078033447265625","0.01078033447265625"
"8110","0.011672019958496094","0.011672019958496094","0.011672019958496094","0.558746337890625","0.558746337890625","0.558746337890625","0.008296966552734375","0.008296966552734375","0.008296966552734375"
"8120","0.0531005859375","0.0531005859375","0.0531005859375","0.68212890625","0.68212890625","0.68212890625","0.015655517578125","0.015655517578125","0.015655517578125"
"8130","0.029541015625","0.029541015625","0.029541015625","0.629638671875","0.629638671875","0.629638671875","0.00962066650390625","0.00962066650390625","0.00962066650390625"
"8140","0.01216888427734375","0.01216888427734375","0.01216888427734375","0.554443359375","0.554443359375","0.554443359375","0.014007568359375","0.014007568359375","0.014007568359375"
"8150","0.011348724365234375","0.011348724365234375","0.011348724365234375","0.656005859375","0.656005859375","0.656005859375","0.0136871337890625","0.0136871337890625","0.0136871337890625"
"8160","0.015369415283203125","0.015369415283203125","0.015369415283203125","0.566162109375","0.566162109375","0.566162109375","0.01425933837890625","0.01425933837890625","0.01425933837890625"
"8170","0.00716400146484375","0.00716400146484375","0.00716400146484375","0.455322265625","0.455322265625","0.455322265625","0.014251708984375","0.014251708984375","0.014251708984375"
"8180","0.0211029052734375","0.0211029052734375","0.0211029052734375","0.62158203125","0.62158203125","0.62158203125","0.01088714599609375","0.01088714599609375","0.01088714599609375"
"8190","0.00989532470703125","0.00989532470703125","0.00989532470703125","0.728271484375","0.728271484375","0.728271484375","0.01030731201171875","0.01030731201171875","0.01030731201171875"
"8200","0.0242919921875","0.0242919921875","0.0242919921875","0.502197265625","0.502197265625","0.502197265625","0.0077056884765625","0.0077056884765625","0.0077056884765625"
"8210","0.02175140380859375","0.02175140380859375","0.02175140380859375","0.540283203125","0.540283203125","0.540283203125","0.008831024169921875","0.008831024169921875","0.008831024169921875"
"8220","0.017993927001953125","0.017993927001953125","0.017993927001953125","0.683349609375","0.683349609375","0.683349609375","0.010349273681640625","0.010349273681640625","0.010349273681640625"
"8230","0.01570892333984375","0.01570892333984375","0.01570892333984375","0.60888671875","0.60888671875","0.60888671875","0.006900787353515625","0.006900787353515625","0.006900787353515625"
"8240","0.02459716796875","0.02459716796875","0.02459716796875","0.546630859375","0.546630859375","0.546630859375","0.00971221923828125","0.00971221923828125","0.00971221923828125"
"8250","0.0124053955078125","0.0124053955078125","0.0124053955078125","0.623779296875","0.623779296875","0.623779296875","0.0162811279296875","0.0162811279296875","0.0162811279296875"
"8260","0.014202117919921875","0.014202117919921875","0.014202117919921875","0.780517578125","0.780517578125","0.780517578125","0.005947113037109375","0.005947113037109375","0.005947113037109375"
"8270","0.0098724365234375","0.0098724365234375","0.0098724365234375","0.5906982421875","0.5906982421875","0.5906982421875","0.012176513671875","0.012176513671875","0.012176513671875"
"8280","0.029766082763671875","0.029766082763671875","0.029766082763671875","0.673095703125","0.673095703125","0.673095703125","0.0095367431640625","0.0095367431640625","0.0095367431640625"
"8290","0.01102447509765625","0.01102447509765625","0.01102447509765625","0.646240234375","0.646240234375","0.646240234375","0.0097503662109375","0.0097503662109375","0.0097503662109375"
"8300","0.0122528076171875","0.0122528076171875","0.0122528076171875","0.77783203125","0.77783203125","0.77783203125","0.00774383544921875","0.00774383544921875","0.00774383544921875"
"8310","0.01336669921875","0.01336669921875","0.01336669921875","0.5223388671875","0.5223388671875","0.5223388671875","0.01531982421875","0.01531982421875","0.01531982421875"
"8320","0.0094757080078125","0.0094757080078125","0.0094757080078125","0.66552734375","0.66552734375","0.66552734375","0.01519775390625","0.01519775390625","0.01519775390625"
"8330","0.017436981201171875","0.017436981201171875","0.017436981201171875","0.795654296875","0.795654296875","0.795654296875","0.0047760009765625","0.0047760009765625","0.0047760009765625"
"8340","0.016643524169921875","0.016643524169921875","0.016643524169921875","0.61767578125","0.61767578125","0.61767578125","0.00756072998046875","0.00756072998046875","0.00756072998046875"
"8350","0.01288604736328125","0.01288604736328125","0.01288604736328125","0.62158203125","0.62158203125","0.62158203125","0.0164642333984375","0.0164642333984375","0.0164642333984375"
"8360","0.01340484619140625","0.01340484619140625","0.01340484619140625","0.637451171875","0.637451171875","0.637451171875","0.0123748779296875","0.0123748779296875","0.0123748779296875"
"8370","0.009693145751953125","0.009693145751953125","0.009693145751953125","0.67919921875","0.67919921875","0.67919921875","0.01038360595703125","0.01038360595703125","0.01038360595703125"
"8380","0.008380889892578125","0.008380889892578125","0.008380889892578125","0.530517578125","0.530517578125","0.530517578125","0.008941650390625","0.008941650390625","0.008941650390625"
"8390","0.006641387939453125","0.006641387939453125","0.006641387939453125","0.415283203125","0.415283203125","0.415283203125","0.0134124755859375","0.0134124755859375","0.0134124755859375"
"8400","0.01354217529296875","0.01354217529296875","0.01354217529296875","0.695556640625","0.695556640625","0.695556640625","0.012851715087890625","0.012851715087890625","0.012851715087890625"
"8410","0.018413543701171875","0.018413543701171875","0.018413543701171875","0.730224609375","0.730224609375","0.730224609375","0.0088043212890625","0.0088043212890625","0.0088043212890625"
"8420","0.0168914794921875","0.0168914794921875","0.0168914794921875","0.608642578125","0.608642578125","0.608642578125","0.00804901123046875","0.00804901123046875","0.00804901123046875"
"8430","0.033901214599609375","0.033901214599609375","0.033901214599609375","0.627197265625","0.627197265625","0.627197265625","0.006786346435546875","0.006786346435546875","0.006786346435546875"
"8440","0.0360107421875","0.0360107421875","0.0360107421875","0.67041015625","0.67041015625","0.67041015625","0.007415771484375","0.007415771484375","0.007415771484375"
"8450","0.009967803955078125","0.009967803955078125","0.009967803955078125","0.78125","0.78125","0.78125","0.0178680419921875","0.0178680419921875","0.0178680419921875"
"8460","0.00933837890625","0.00933837890625","0.00933837890625","0.62548828125","0.62548828125","0.62548828125","0.013576507568359375","0.013576507568359375","0.013576507568359375"
"8470","0.0434722900390625","0.0434722900390625","0.0434722900390625","0.60693359375","0.60693359375","0.60693359375","0.01316070556640625","0.01316070556640625","0.01316070556640625"
"8480","0.01453399658203125","0.01453399658203125","0.01453399658203125","0.52587890625","0.52587890625","0.52587890625","0.01372528076171875","0.01372528076171875","0.01372528076171875"
"8490","0.0328216552734375","0.0328216552734375","0.0328216552734375","0.637451171875","0.637451171875","0.637451171875","0.00455474853515625","0.00455474853515625","0.00455474853515625"
"8500","0.0155487060546875","0.0155487060546875","0.0155487060546875","0.53271484375","0.53271484375","0.53271484375","0.010845184326171875","0.010845184326171875","0.010845184326171875"
"8510","0.008838653564453125","0.008838653564453125","0.008838653564453125","0.59716796875","0.59716796875","0.59716796875","0.009368896484375","0.009368896484375","0.009368896484375"
"8520","0.00963592529296875","0.00963592529296875","0.00963592529296875","0.78125","0.78125","0.78125","0.01761627197265625","0.01761627197265625","0.01761627197265625"
"8530","0.012298583984375","0.012298583984375","0.012298583984375","0.52734375","0.52734375","0.52734375","0.0123443603515625","0.0123443603515625","0.0123443603515625"
"8540","0.01686859130859375","0.01686859130859375","0.01686859130859375","0.664794921875","0.664794921875","0.664794921875","0.01944732666015625","0.01944732666015625","0.01944732666015625"
"8550","0.04409027099609375","0.04409027099609375","0.04409027099609375","0.50787353515625","0.50787353515625","0.50787353515625","0.010417938232421875","0.010417938232421875","0.010417938232421875"
"8560","0.009746551513671875","0.009746551513671875","0.009746551513671875","0.65234375","0.65234375","0.65234375","0.00632476806640625","0.00632476806640625","0.00632476806640625"
"8570","0.01514434814453125","0.01514434814453125","0.01514434814453125","0.54736328125","0.54736328125","0.54736328125","0.00771331787109375","0.00771331787109375","0.00771331787109375"
"8580","0.015911102294921875","0.015911102294921875","0.015911102294921875","0.662353515625","0.662353515625","0.662353515625","0.02008056640625","0.02008056640625","0.02008056640625"
"8590","0.03034210205078125","0.03034210205078125","0.03034210205078125","0.53216552734375","0.53216552734375","0.53216552734375","0.01197052001953125","0.01197052001953125","0.01197052001953125"
"8600","0.0334625244140625","0.0334625244140625","0.0334625244140625","0.6318359375","0.6318359375","0.6318359375","0.01459503173828125","0.01459503173828125","0.01459503173828125"
"8610","0.029937744140625","0.029937744140625","0.029937744140625","0.603271484375","0.603271484375","0.603271484375","0.01786041259765625","0.01786041259765625","0.01786041259765625"
"8620","0.018798828125","0.018798828125","0.018798828125","0.68505859375","0.68505859375","0.68505859375","0.0114593505859375","0.0114593505859375","0.0114593505859375"
"8630","0.00868988037109375","0.00868988037109375","0.00868988037109375","0.64984130859375","0.64984130859375","0.64984130859375","0.00823211669921875","0.00823211669921875","0.00823211669921875"
"8640","0.00719451904296875","0.00719451904296875","0.00719451904296875","0.7479248046875","0.7479248046875","0.7479248046875","0.00862884521484375","0.00862884521484375","0.00862884521484375"
"8650","0.0432586669921875","0.0432586669921875","0.0432586669921875","0.567138671875","0.567138671875","0.567138671875","0.0144500732421875","0.0144500732421875","0.0144500732421875"
"8660","0.014495849609375","0.014495849609375","0.014495849609375","0.78759765625","0.78759765625","0.78759765625","0.006664276123046875","0.006664276123046875","0.006664276123046875"
"8670","0.0240478515625","0.0240478515625","0.0240478515625","0.6787109375","0.6787109375","0.6787109375","0.0066127777099609375","0.0066127777099609375","0.0066127777099609375"
"8680","0.01348876953125","0.01348876953125","0.01348876953125","0.554931640625","0.554931640625","0.554931640625","0.006366729736328125","0.006366729736328125","0.006366729736328125"
"8690","0.033477783203125","0.033477783203125","0.033477783203125","0.67236328125","0.67236328125","0.67236328125","0.01055145263671875","0.01055145263671875","0.01055145263671875"
"8700","0.0115966796875","0.0115966796875","0.0115966796875","0.714599609375","0.714599609375","0.714599609375","0.008697509765625","0.008697509765625","0.008697509765625"
"8710","0.007511138916015625","0.007511138916015625","0.007511138916015625","0.576904296875","0.576904296875","0.576904296875","0.00722503662109375","0.00722503662109375","0.00722503662109375"
"8720","0.01241302490234375","0.01241302490234375","0.01241302490234375","0.47052001953125","0.47052001953125","0.47052001953125","0.009860992431640625","0.009860992431640625","0.009860992431640625"
"8730","0.0208740234375","0.0208740234375","0.0208740234375","0.636474609375","0.636474609375","0.636474609375","0.0112457275390625","0.0112457275390625","0.0112457275390625"
"8740","0.01566314697265625","0.01566314697265625","0.01566314697265625","0.38775634765625","0.38775634765625","0.38775634765625","0.008525848388671875","0.008525848388671875","0.008525848388671875"
"8750","0.01561737060546875","0.01561737060546875","0.01561737060546875","0.64697265625","0.64697265625","0.64697265625","0.01038360595703125","0.01038360595703125","0.01038360595703125"
"8760","0.017669677734375","0.017669677734375","0.017669677734375","0.6402587890625","0.6402587890625","0.6402587890625","0.006877899169921875","0.006877899169921875","0.006877899169921875"
"8770","0.01006317138671875","0.01006317138671875","0.01006317138671875","0.59320068359375","0.59320068359375","0.59320068359375","0.01227569580078125","0.01227569580078125","0.01227569580078125"
"8780","0.022247314453125","0.022247314453125","0.022247314453125","0.578125","0.578125","0.578125","0.01427459716796875","0.01427459716796875","0.01427459716796875"
"8790","0.01360321044921875","0.01360321044921875","0.01360321044921875","0.65087890625","0.65087890625","0.65087890625","0.00809478759765625","0.00809478759765625","0.00809478759765625"
"8800","0.009311676025390625","0.009311676025390625","0.009311676025390625","0.628173828125","0.628173828125","0.628173828125","0.00897979736328125","0.00897979736328125","0.00897979736328125"
"8810","0.01299285888671875","0.01299285888671875","0.01299285888671875","0.655517578125","0.655517578125","0.655517578125","0.00962066650390625","0.00962066650390625","0.00962066650390625"
"8820","0.01474761962890625","0.01474761962890625","0.01474761962890625","0.5579833984375","0.5579833984375","0.5579833984375","0.00894927978515625","0.00894927978515625","0.00894927978515625"
"8830","0.005530357360839844","0.005530357360839844","0.005530357360839844","0.51123046875","0.51123046875","0.51123046875","0.014404296875","0.014404296875","0.014404296875"
"8840","0.009540557861328125","0.009540557861328125","0.009540557861328125","0.67822265625","0.67822265625","0.67822265625","0.0157012939453125","0.0157012939453125","0.0157012939453125"
"8850","0.0065517425537109375","0.0065517425537109375","0.0065517425537109375","0.6314697265625","0.6314697265625","0.6314697265625","0.0320892333984375","0.0320892333984375","0.0320892333984375"
"8860","0.02364349365234375","0.02364349365234375","0.02364349365234375","0.611328125","0.611328125","0.611328125","0.013641357421875","0.013641357421875","0.013641357421875"
"8870","0.0126953125","0.0126953125","0.0126953125","0.596435546875","0.596435546875","0.596435546875","0.009845733642578125","0.009845733642578125","0.009845733642578125"
"8880","0.01312255859375","0.01312255859375","0.01312255859375","0.79638671875","0.79638671875","0.79638671875","0.0093841552734375","0.0093841552734375","0.0093841552734375"
"8890","0.01413726806640625","0.01413726806640625","0.01413726806640625","0.611328125","0.611328125","0.611328125","0.007755279541015625","0.007755279541015625","0.007755279541015625"
"8900","0.00937652587890625","0.00937652587890625","0.00937652587890625","0.65869140625","0.65869140625","0.65869140625","0.004978179931640625","0.004978179931640625","0.004978179931640625"
"8910","0.00997161865234375","0.00997161865234375","0.00997161865234375","0.5545654296875","0.5545654296875","0.5545654296875","0.00693511962890625","0.00693511962890625","0.00693511962890625"
"8920","0.0102691650390625","0.0102691650390625","0.0102691650390625","0.539306640625","0.539306640625","0.539306640625","0.0105438232421875","0.0105438232421875","0.0105438232421875"
"8930","0.0119476318359375","0.0119476318359375","0.0119476318359375","0.663818359375","0.663818359375","0.663818359375","0.0074634552001953125","0.0074634552001953125","0.0074634552001953125"
"8940","0.009019851684570312","0.009019851684570312","0.009019851684570312","0.61669921875","0.61669921875","0.61669921875","0.008464813232421875","0.008464813232421875","0.008464813232421875"
"8950","0.006938934326171875","0.006938934326171875","0.006938934326171875","0.548583984375","0.548583984375","0.548583984375","0.00797271728515625","0.00797271728515625","0.00797271728515625"
"8960","0.0111083984375","0.0111083984375","0.0111083984375","0.64599609375","0.64599609375","0.64599609375","0.01177978515625","0.01177978515625","0.01177978515625"
"8970","0.02074432373046875","0.02074432373046875","0.02074432373046875","0.601806640625","0.601806640625","0.601806640625","0.01465606689453125","0.01465606689453125","0.01465606689453125"
"8980","0.01621246337890625","0.01621246337890625","0.01621246337890625","0.4676513671875","0.4676513671875","0.4676513671875","0.01535797119140625","0.01535797119140625","0.01535797119140625"
"8990","0.0127410888671875","0.0127410888671875","0.0127410888671875","0.527740478515625","0.527740478515625","0.527740478515625","0.0207977294921875","0.0207977294921875","0.0207977294921875"
"9000","0.009983062744140625","0.009983062744140625","0.009983062744140625","0.550537109375","0.550537109375","0.550537109375","0.01340484619140625","0.01340484619140625","0.01340484619140625"
"9010","0.0185699462890625","0.0185699462890625","0.0185699462890625","0.60595703125","0.60595703125","0.60595703125","0.01888275146484375","0.01888275146484375","0.01888275146484375"
"9020","0.01007080078125","0.01007080078125","0.01007080078125","0.6435546875","0.6435546875","0.6435546875","0.0092926025390625","0.0092926025390625","0.0092926025390625"
"9030","0.014430999755859375","0.014430999755859375","0.014430999755859375","0.576904296875","0.576904296875","0.576904296875","0.0047855377197265625","0.0047855377197265625","0.0047855377197265625"
"9040","0.010404586791992188","0.010404586791992188","0.010404586791992188","0.55908203125","0.55908203125","0.55908203125","0.0067138671875","0.0067138671875","0.0067138671875"
"9050","0.0088653564453125","0.0088653564453125","0.0088653564453125","0.7666015625","0.7666015625","0.7666015625","0.00997161865234375","0.00997161865234375","0.00997161865234375"
"9060","0.006825923919677734","0.006825923919677734","0.006825923919677734","0.614990234375","0.614990234375","0.614990234375","0.0057373046875","0.0057373046875","0.0057373046875"
"9070","0.016185760498046875","0.016185760498046875","0.016185760498046875","0.473388671875","0.473388671875","0.473388671875","0.0135040283203125","0.0135040283203125","0.0135040283203125"
"9080","0.00699615478515625","0.00699615478515625","0.00699615478515625","0.59808349609375","0.59808349609375","0.59808349609375","0.01192474365234375","0.01192474365234375","0.01192474365234375"
"9090","0.01611328125","0.01611328125","0.01611328125","0.6761474609375","0.6761474609375","0.6761474609375","0.01171875","0.01171875","0.01171875"
"9100","0.007335662841796875","0.007335662841796875","0.007335662841796875","0.6611328125","0.6611328125","0.6611328125","0.00791168212890625","0.00791168212890625","0.00791168212890625"
"9110","0.012035369873046875","0.012035369873046875","0.012035369873046875","0.7412109375","0.7412109375","0.7412109375","0.0106048583984375","0.0106048583984375","0.0106048583984375"
"9120","0.00836944580078125","0.00836944580078125","0.00836944580078125","0.653564453125","0.653564453125","0.653564453125","0.00894927978515625","0.00894927978515625","0.00894927978515625"
"9130","0.004344940185546875","0.004344940185546875","0.004344940185546875","0.53076171875","0.53076171875","0.53076171875","0.01297760009765625","0.01297760009765625","0.01297760009765625"
"9140","0.0155792236328125","0.0155792236328125","0.0155792236328125","0.51806640625","0.51806640625","0.51806640625","0.008056640625","0.008056640625","0.008056640625"
"9150","0.01303863525390625","0.01303863525390625","0.01303863525390625","0.59228515625","0.59228515625","0.59228515625","0.010605812072753906","0.010605812072753906","0.010605812072753906"
"9160","0.017848968505859375","0.017848968505859375","0.017848968505859375","0.49658203125","0.49658203125","0.49658203125","0.0113525390625","0.0113525390625","0.0113525390625"
"9170","0.010280609130859375","0.010280609130859375","0.010280609130859375","0.577392578125","0.577392578125","0.577392578125","0.013927459716796875","0.013927459716796875","0.013927459716796875"
"9180","0.00960540771484375","0.00960540771484375","0.00960540771484375","0.5576171875","0.5576171875","0.5576171875","0.006938934326171875","0.006938934326171875","0.006938934326171875"
"9190","0.011165618896484375","0.011165618896484375","0.011165618896484375","0.6591796875","0.6591796875","0.6591796875","0.006175994873046875","0.006175994873046875","0.006175994873046875"
"9200","0.02222442626953125","0.02222442626953125","0.02222442626953125","0.60986328125","0.60986328125","0.60986328125","0.004421234130859375","0.004421234130859375","0.004421234130859375"
"9210","0.0081634521484375","0.0081634521484375","0.0081634521484375","0.6160888671875","0.6160888671875","0.6160888671875","0.0063533782958984375","0.0063533782958984375","0.0063533782958984375"
"9220","0.00887298583984375","0.00887298583984375","0.00887298583984375","0.7236328125","0.7236328125","0.7236328125","0.012420654296875","0.012420654296875","0.012420654296875"
"9230","0.0228729248046875","0.0228729248046875","0.0228729248046875","0.740478515625","0.740478515625","0.740478515625","0.007793426513671875","0.007793426513671875","0.007793426513671875"
"9240","0.0046844482421875","0.0046844482421875","0.0046844482421875","0.624267578125","0.624267578125","0.624267578125","0.00957489013671875","0.00957489013671875","0.00957489013671875"
"9250","0.004268646240234375","0.004268646240234375","0.004268646240234375","0.740234375","0.740234375","0.740234375","0.00981903076171875","0.00981903076171875","0.00981903076171875"
"9260","0.00638580322265625","0.00638580322265625","0.00638580322265625","0.672119140625","0.672119140625","0.672119140625","0.0038242340087890625","0.0038242340087890625","0.0038242340087890625"
"9270","0.020599365234375","0.020599365234375","0.020599365234375","0.6103515625","0.6103515625","0.6103515625","0.0195159912109375","0.0195159912109375","0.0195159912109375"
"9280","0.009738922119140625","0.009738922119140625","0.009738922119140625","0.587890625","0.587890625","0.587890625","0.00959014892578125","0.00959014892578125","0.00959014892578125"
"9290","0.008544921875","0.008544921875","0.008544921875","0.660400390625","0.660400390625","0.660400390625","0.016357421875","0.016357421875","0.016357421875"
"9300","0.00748443603515625","0.00748443603515625","0.00748443603515625","0.857421875","0.857421875","0.857421875","0.01638031005859375","0.01638031005859375","0.01638031005859375"
"9310","0.005596160888671875","0.005596160888671875","0.005596160888671875","0.61181640625","0.61181640625","0.61181640625","0.00782012939453125","0.00782012939453125","0.00782012939453125"
"9320","0.010351181030273438","0.010351181030273438","0.010351181030273438","0.559326171875","0.559326171875","0.559326171875","0.009639739990234375","0.009639739990234375","0.009639739990234375"
"9330","0.00632476806640625","0.00632476806640625","0.00632476806640625","0.5926513671875","0.5926513671875","0.5926513671875","0.011577606201171875","0.011577606201171875","0.011577606201171875"
"9340","0.014434814453125","0.014434814453125","0.014434814453125","0.4697265625","0.4697265625","0.4697265625","0.0129241943359375","0.0129241943359375","0.0129241943359375"
"9350","0.017791748046875","0.017791748046875","0.017791748046875","0.517333984375","0.517333984375","0.517333984375","0.00521087646484375","0.00521087646484375","0.00521087646484375"
"9360","0.012939453125","0.012939453125","0.012939453125","0.6787109375","0.6787109375","0.6787109375","0.00634765625","0.00634765625","0.00634765625"
"9370","0.00980377197265625","0.00980377197265625","0.00980377197265625","0.5421142578125","0.5421142578125","0.5421142578125","0.00838470458984375","0.00838470458984375","0.00838470458984375"
"9380","0.00675201416015625","0.00675201416015625","0.00675201416015625","0.6923828125","0.6923828125","0.6923828125","0.00569915771484375","0.00569915771484375","0.00569915771484375"
"9390","0.0273895263671875","0.0273895263671875","0.0273895263671875","0.552734375","0.552734375","0.552734375","0.006587982177734375","0.006587982177734375","0.006587982177734375"
"9400","0.012516021728515625","0.012516021728515625","0.012516021728515625","0.562255859375","0.562255859375","0.562255859375","0.012815475463867188","0.012815475463867188","0.012815475463867188"
"9410","0.0053386688232421875","0.0053386688232421875","0.0053386688232421875","0.574249267578125","0.574249267578125","0.574249267578125","0.010898590087890625","0.010898590087890625","0.010898590087890625"
"9420","0.01363372802734375","0.01363372802734375","0.01363372802734375","0.622314453125","0.622314453125","0.622314453125","0.01723480224609375","0.01723480224609375","0.01723480224609375"
"9430","0.008457183837890625","0.008457183837890625","0.008457183837890625","0.598876953125","0.598876953125","0.598876953125","0.0157318115234375","0.0157318115234375","0.0157318115234375"
"9440","0.01386260986328125","0.01386260986328125","0.01386260986328125","0.590576171875","0.590576171875","0.590576171875","0.01056671142578125","0.01056671142578125","0.01056671142578125"
"9450","0.01041412353515625","0.01041412353515625","0.01041412353515625","0.5252685546875","0.5252685546875","0.5252685546875","0.0087127685546875","0.0087127685546875","0.0087127685546875"
"9460","0.0091552734375","0.0091552734375","0.0091552734375","0.79052734375","0.79052734375","0.79052734375","0.008758544921875","0.008758544921875","0.008758544921875"
"9470","0.01757049560546875","0.01757049560546875","0.01757049560546875","0.5859375","0.5859375","0.5859375","0.005939483642578125","0.005939483642578125","0.005939483642578125"
"9480","0.00844573974609375","0.00844573974609375","0.00844573974609375","0.684326171875","0.684326171875","0.684326171875","0.01103973388671875","0.01103973388671875","0.01103973388671875"
"9490","0.03002166748046875","0.03002166748046875","0.03002166748046875","0.646728515625","0.646728515625","0.646728515625","0.00736236572265625","0.00736236572265625","0.00736236572265625"
"9500","0.006551265716552734","0.006551265716552734","0.006551265716552734","0.5477294921875","0.5477294921875","0.5477294921875","0.011524200439453125","0.011524200439453125","0.011524200439453125"
"9510","0.011882781982421875","0.011882781982421875","0.011882781982421875","0.56671142578125","0.56671142578125","0.56671142578125","0.01506805419921875","0.01506805419921875","0.01506805419921875"
"9520","0.007923126220703125","0.007923126220703125","0.007923126220703125","0.6787109375","0.6787109375","0.6787109375","0.0052165985107421875","0.0052165985107421875","0.0052165985107421875"
"9530","0.01678466796875","0.01678466796875","0.01678466796875","0.7841796875","0.7841796875","0.7841796875","0.007205963134765625","0.007205963134765625","0.007205963134765625"
"9540","0.0188446044921875","0.0188446044921875","0.0188446044921875","0.4853515625","0.4853515625","0.4853515625","0.008264541625976562","0.008264541625976562","0.008264541625976562"
"9550","0.0202178955078125","0.0202178955078125","0.0202178955078125","0.632568359375","0.632568359375","0.632568359375","0.008281707763671875","0.008281707763671875","0.008281707763671875"
"9560","0.0055637359619140625","0.0055637359619140625","0.0055637359619140625","0.61669921875","0.61669921875","0.61669921875","0.01023101806640625","0.01023101806640625","0.01023101806640625"
"9570","0.0103912353515625","0.0103912353515625","0.0103912353515625","0.57177734375","0.57177734375","0.57177734375","0.01275634765625","0.01275634765625","0.01275634765625"
"9580","0.010080337524414062","0.010080337524414062","0.010080337524414062","0.49713134765625","0.49713134765625","0.49713134765625","0.015533447265625","0.015533447265625","0.015533447265625"
"9590","0.0196533203125","0.0196533203125","0.0196533203125","0.6339111328125","0.6339111328125","0.6339111328125","0.014617919921875","0.014617919921875","0.014617919921875"
"9600","0.0445709228515625","0.0445709228515625","0.0445709228515625","0.787109375","0.787109375","0.787109375","0.008144378662109375","0.008144378662109375","0.008144378662109375"
"9610","0.010433197021484375","0.010433197021484375","0.010433197021484375","0.62158203125","0.62158203125","0.62158203125","0.007472991943359375","0.007472991943359375","0.007472991943359375"
"9620","0.0073394775390625","0.0073394775390625","0.0073394775390625","0.540283203125","0.540283203125","0.540283203125","0.0085296630859375","0.0085296630859375","0.0085296630859375"
"9630","0.024974822998046875","0.024974822998046875","0.024974822998046875","0.5263671875","0.5263671875","0.5263671875","0.005374908447265625","0.005374908447265625","0.005374908447265625"
"9640","0.022729873657226562","0.022729873657226562","0.022729873657226562","0.6510009765625","0.6510009765625","0.6510009765625","0.010009765625","0.010009765625","0.010009765625"
"9650","0.01401519775390625","0.01401519775390625","0.01401519775390625","0.6552734375","0.6552734375","0.6552734375","0.006862640380859375","0.006862640380859375","0.006862640380859375"
"9660","0.02281951904296875","0.02281951904296875","0.02281951904296875","0.690185546875","0.690185546875","0.690185546875","0.01166534423828125","0.01166534423828125","0.01166534423828125"
"9670","0.00925445556640625","0.00925445556640625","0.00925445556640625","0.5758056640625","0.5758056640625","0.5758056640625","0.0087738037109375","0.0087738037109375","0.0087738037109375"
"9680","0.01480865478515625","0.01480865478515625","0.01480865478515625","0.5458984375","0.5458984375","0.5458984375","0.010284423828125","0.010284423828125","0.010284423828125"
"9690","0.0259246826171875","0.0259246826171875","0.0259246826171875","0.689697265625","0.689697265625","0.689697265625","0.008544921875","0.008544921875","0.008544921875"
"9700","0.005268096923828125","0.005268096923828125","0.005268096923828125","0.6124267578125","0.6124267578125","0.6124267578125","0.008392333984375","0.008392333984375","0.008392333984375"
"9710","0.019336700439453125","0.019336700439453125","0.019336700439453125","0.576904296875","0.576904296875","0.576904296875","0.00763702392578125","0.00763702392578125","0.00763702392578125"
"9720","0.0091400146484375","0.0091400146484375","0.0091400146484375","0.61279296875","0.61279296875","0.61279296875","0.008758544921875","0.008758544921875","0.008758544921875"
"9730","0.010562896728515625","0.010562896728515625","0.010562896728515625","0.75634765625","0.75634765625","0.75634765625","0.007625579833984375","0.007625579833984375","0.007625579833984375"
"9740","0.008575439453125","0.008575439453125","0.008575439453125","0.6298828125","0.6298828125","0.6298828125","0.007144927978515625","0.007144927978515625","0.007144927978515625"
"9750","0.004894256591796875","0.004894256591796875","0.004894256591796875","0.681396484375","0.681396484375","0.681396484375","0.009517669677734375","0.009517669677734375","0.009517669677734375"
"9760","0.0098876953125","0.0098876953125","0.0098876953125","0.5252685546875","0.5252685546875","0.5252685546875","0.007080078125","0.007080078125","0.007080078125"
"9770","0.010677337646484375","0.010677337646484375","0.010677337646484375","0.58740234375","0.58740234375","0.58740234375","0.010105133056640625","0.010105133056640625","0.010105133056640625"
"9780","0.0057830810546875","0.0057830810546875","0.0057830810546875","0.5751953125","0.5751953125","0.5751953125","0.011932373046875","0.011932373046875","0.011932373046875"
"9790","0.032867431640625","0.032867431640625","0.032867431640625","0.6807861328125","0.6807861328125","0.6807861328125","0.00968170166015625","0.00968170166015625","0.00968170166015625"
"9800","0.01229095458984375","0.01229095458984375","0.01229095458984375","0.659912109375","0.659912109375","0.659912109375","0.01729583740234375","0.01729583740234375","0.01729583740234375"
"9810","0.019939422607421875","0.019939422607421875","0.019939422607421875","0.60693359375","0.60693359375","0.60693359375","0.00833892822265625","0.00833892822265625","0.00833892822265625"
"9820","0.01175689697265625","0.01175689697265625","0.01175689697265625","0.47998046875","0.47998046875","0.47998046875","0.007110595703125","0.007110595703125","0.007110595703125"
"9830","0.007472991943359375","0.007472991943359375","0.007472991943359375","0.64208984375","0.64208984375","0.64208984375","0.0077838897705078125","0.0077838897705078125","0.0077838897705078125"
"9840","0.012599945068359375","0.012599945068359375","0.012599945068359375","0.4295654296875","0.4295654296875","0.4295654296875","0.011688232421875","0.011688232421875","0.011688232421875"
"9850","0.0110931396484375","0.0110931396484375","0.0110931396484375","0.593994140625","0.593994140625","0.593994140625","0.01312255859375","0.01312255859375","0.01312255859375"
"9860","0.01209259033203125","0.01209259033203125","0.01209259033203125","0.625","0.625","0.625","0.0138397216796875","0.0138397216796875","0.0138397216796875"
"9870","0.010723114013671875","0.010723114013671875","0.010723114013671875","0.5206298828125","0.5206298828125","0.5206298828125","0.0178375244140625","0.0178375244140625","0.0178375244140625"
"9880","0.00727081298828125","0.00727081298828125","0.00727081298828125","0.51165771484375","0.51165771484375","0.51165771484375","0.00775146484375","0.00775146484375","0.00775146484375"
"9890","0.0187225341796875","0.0187225341796875","0.0187225341796875","0.5291748046875","0.5291748046875","0.5291748046875","0.00807952880859375","0.00807952880859375","0.00807952880859375"
"9900","0.00868988037109375","0.00868988037109375","0.00868988037109375","0.682373046875","0.682373046875","0.682373046875","0.0186920166015625","0.0186920166015625","0.0186920166015625"
"9910","0.008697509765625","0.008697509765625","0.008697509765625","0.6378173828125","0.6378173828125","0.6378173828125","0.0095062255859375","0.0095062255859375","0.0095062255859375"
"9920","0.0179290771484375","0.0179290771484375","0.0179290771484375","0.418365478515625","0.418365478515625","0.418365478515625","0.00832366943359375","0.00832366943359375","0.00832366943359375"
"9930","0.0210418701171875","0.0210418701171875","0.0210418701171875","0.4852294921875","0.4852294921875","0.4852294921875","0.01682281494140625","0.01682281494140625","0.01682281494140625"
"9940","0.01271820068359375","0.01271820068359375","0.01271820068359375","0.736083984375","0.736083984375","0.736083984375","0.0114898681640625","0.0114898681640625","0.0114898681640625"
"9950","0.0131072998046875","0.0131072998046875","0.0131072998046875","0.581298828125","0.581298828125","0.581298828125","0.008678436279296875","0.008678436279296875","0.008678436279296875"
"9960","0.0077495574951171875","0.0077495574951171875","0.0077495574951171875","0.5552978515625","0.5552978515625","0.5552978515625","0.011566162109375","0.011566162109375","0.011566162109375"
"9970","0.00991058349609375","0.00991058349609375","0.00991058349609375","0.56549072265625","0.56549072265625","0.56549072265625","0.00571441650390625","0.00571441650390625","0.00571441650390625"
"9980","0.01367950439453125","0.01367950439453125","0.01367950439453125","0.68115234375","0.68115234375","0.68115234375","0.0142822265625","0.0142822265625","0.0142822265625"
"9990","0.014225006103515625","0.014225006103515625","0.014225006103515625","0.5087890625","0.5087890625","0.5087890625","0.010894775390625","0.010894775390625","0.010894775390625"
"10000","0.0073070526123046875","0.0073070526123046875","0.0073070526123046875","0.663818359375","0.663818359375","0.663818359375","0.0087127685546875","0.0087127685546875","0.0087127685546875"
"10010","","","","0.7431640625","0.7431640625","0.7431640625","0.0084686279296875","0.0084686279296875","0.0084686279296875"
"10020","","","","0.70166015625","0.70166015625","0.70166015625","0.01163482666015625","0.01163482666015625","0.01163482666015625"
"10030","","","","0.635986328125","0.635986328125","0.635986328125","0.0156402587890625","0.0156402587890625","0.0156402587890625"
"10040","","","","0.657470703125","0.657470703125","0.657470703125","0.0141754150390625","0.0141754150390625","0.0141754150390625"
"10050","","","","0.551025390625","0.551025390625","0.551025390625","0.0229339599609375","0.0229339599609375","0.0229339599609375"
"10060","","","","0.6328125","0.6328125","0.6328125","0.00669097900390625","0.00669097900390625","0.00669097900390625"
"10070","","","","0.73095703125","0.73095703125","0.73095703125","0.009008407592773438","0.009008407592773438","0.009008407592773438"
"10080","","","","0.455322265625","0.455322265625","0.455322265625","0.0046672821044921875","0.0046672821044921875","0.0046672821044921875"
"10090","","","","0.7177734375","0.7177734375","0.7177734375","0.013092041015625","0.013092041015625","0.013092041015625"
"10100","","","","0.83154296875","0.83154296875","0.83154296875","0.0063323974609375","0.0063323974609375","0.0063323974609375"
"10110","","","","0.607666015625","0.607666015625","0.607666015625","0.009296417236328125","0.009296417236328125","0.009296417236328125"
"10120","","","","0.625244140625","0.625244140625","0.625244140625","0.0207366943359375","0.0207366943359375","0.0207366943359375"
"10130","","","","0.514892578125","0.514892578125","0.514892578125","0.00901031494140625","0.00901031494140625","0.00901031494140625"
"10140","","","","0.569580078125","0.569580078125","0.569580078125","0.00885009765625","0.00885009765625","0.00885009765625"
"10150","","","","0.76904296875","0.76904296875","0.76904296875","0.0081787109375","0.0081787109375","0.0081787109375"
"10160","","","","0.65283203125","0.65283203125","0.65283203125","0.01271820068359375","0.01271820068359375","0.01271820068359375"
"10170","","","","0.524169921875","0.524169921875","0.524169921875","0.01052093505859375","0.01052093505859375","0.01052093505859375"
"10180","","","","0.568359375","0.568359375","0.568359375","0.012237548828125","0.012237548828125","0.012237548828125"
"10190","","","","0.68896484375","0.68896484375","0.68896484375","0.00424957275390625","0.00424957275390625","0.00424957275390625"
"10200","","","","0.45513916015625","0.45513916015625","0.45513916015625","0.0065250396728515625","0.0065250396728515625","0.0065250396728515625"
"10210","","","","0.5643310546875","0.5643310546875","0.5643310546875","0.005283355712890625","0.005283355712890625","0.005283355712890625"
"10220","","","","0.605224609375","0.605224609375","0.605224609375","0.0113067626953125","0.0113067626953125","0.0113067626953125"
"10230","","","","0.60302734375","0.60302734375","0.60302734375","0.01053619384765625","0.01053619384765625","0.01053619384765625"
"10240","","","","0.693603515625","0.693603515625","0.693603515625","0.01210784912109375","0.01210784912109375","0.01210784912109375"
"10250","","","","0.755859375","0.755859375","0.755859375","0.00839996337890625","0.00839996337890625","0.00839996337890625"
"10260","","","","0.6693115234375","0.6693115234375","0.6693115234375","0.0221405029296875","0.0221405029296875","0.0221405029296875"
"10270","","","","0.688232421875","0.688232421875","0.688232421875","0.01772308349609375","0.01772308349609375","0.01772308349609375"
"10280","","","","0.3780517578125","0.3780517578125","0.3780517578125","0.0199127197265625","0.0199127197265625","0.0199127197265625"
"10290","","","","0.69287109375","0.69287109375","0.69287109375","0.009075164794921875","0.009075164794921875","0.009075164794921875"
"10300","","","","0.5308837890625","0.5308837890625","0.5308837890625","0.021484375","0.021484375","0.021484375"
"10310","","","","0.52984619140625","0.52984619140625","0.52984619140625","0.0103302001953125","0.0103302001953125","0.0103302001953125"
"10320","","","","0.666259765625","0.666259765625","0.666259765625","0.00635528564453125","0.00635528564453125","0.00635528564453125"
"10330","","","","0.574951171875","0.574951171875","0.574951171875","0.008373260498046875","0.008373260498046875","0.008373260498046875"
"10340","","","","0.767333984375","0.767333984375","0.767333984375","0.008441925048828125","0.008441925048828125","0.008441925048828125"
"10350","","","","0.678466796875","0.678466796875","0.678466796875","0.00974273681640625","0.00974273681640625","0.00974273681640625"
"10360","","","","0.7509765625","0.7509765625","0.7509765625","0.010196685791015625","0.010196685791015625","0.010196685791015625"
"10370","","","","0.610595703125","0.610595703125","0.610595703125","0.010143280029296875","0.010143280029296875","0.010143280029296875"
"10380","","","","0.44482421875","0.44482421875","0.44482421875","0.017730712890625","0.017730712890625","0.017730712890625"
"10390","","","","0.647216796875","0.647216796875","0.647216796875","0.0122833251953125","0.0122833251953125","0.0122833251953125"
"10400","","","","0.621337890625","0.621337890625","0.621337890625","0.007843017578125","0.007843017578125","0.007843017578125"
"10410","","","","0.6641082763671875","0.6641082763671875","0.6641082763671875","0.0058155059814453125","0.0058155059814453125","0.0058155059814453125"
"10420","","","","0.677978515625","0.677978515625","0.677978515625","0.01486968994140625","0.01486968994140625","0.01486968994140625"
"10430","","","","0.76953125","0.76953125","0.76953125","0.007755279541015625","0.007755279541015625","0.007755279541015625"
"10440","","","","0.5869140625","0.5869140625","0.5869140625","0.0110321044921875","0.0110321044921875","0.0110321044921875"
"10450","","","","0.705078125","0.705078125","0.705078125","0.01126861572265625","0.01126861572265625","0.01126861572265625"
"10460","","","","0.6402587890625","0.6402587890625","0.6402587890625","0.00913238525390625","0.00913238525390625","0.00913238525390625"
"10470","","","","0.744873046875","0.744873046875","0.744873046875","0.008106231689453125","0.008106231689453125","0.008106231689453125"
"10480","","","","0.6337890625","0.6337890625","0.6337890625","0.012420654296875","0.012420654296875","0.012420654296875"
"10490","","","","0.693603515625","0.693603515625","0.693603515625","0.009307861328125","0.009307861328125","0.009307861328125"
"10500","","","","0.4532470703125","0.4532470703125","0.4532470703125","0.011463165283203125","0.011463165283203125","0.011463165283203125"
"10510","","","","0.71240234375","0.71240234375","0.71240234375","0.01735687255859375","0.01735687255859375","0.01735687255859375"
"10520","","","","0.5810546875","0.5810546875","0.5810546875","0.008098602294921875","0.008098602294921875","0.008098602294921875"
"10530","","","","0.616455078125","0.616455078125","0.616455078125","0.0118255615234375","0.0118255615234375","0.0118255615234375"
"10540","","","","0.64794921875","0.64794921875","0.64794921875","0.00614166259765625","0.00614166259765625","0.00614166259765625"
"10550","","","","0.6728515625","0.6728515625","0.6728515625","0.01685333251953125","0.01685333251953125","0.01685333251953125"
"10560","","","","0.5919189453125","0.5919189453125","0.5919189453125","0.01277923583984375","0.01277923583984375","0.01277923583984375"
"10570","","","","0.739013671875","0.739013671875","0.739013671875","0.00699615478515625","0.00699615478515625","0.00699615478515625"
"10580","","","","0.518310546875","0.518310546875","0.518310546875","0.00740814208984375","0.00740814208984375","0.00740814208984375"
"10590","","","","0.4691162109375","0.4691162109375","0.4691162109375","0.00925445556640625","0.00925445556640625","0.00925445556640625"
"10600","","","","0.5166015625","0.5166015625","0.5166015625","0.0106964111328125","0.0106964111328125","0.0106964111328125"
"10610","","","","0.613525390625","0.613525390625","0.613525390625","0.0062999725341796875","0.0062999725341796875","0.0062999725341796875"
"10620","","","","0.70867919921875","0.70867919921875","0.70867919921875","0.009063720703125","0.009063720703125","0.009063720703125"
"10630","","","","0.58740234375","0.58740234375","0.58740234375","0.01554107666015625","0.01554107666015625","0.01554107666015625"
"10640","","","","0.80712890625","0.80712890625","0.80712890625","0.012456893920898438","0.012456893920898438","0.012456893920898438"
"10650","","","","0.540771484375","0.540771484375","0.540771484375","0.01155853271484375","0.01155853271484375","0.01155853271484375"
"10660","","","","0.651123046875","0.651123046875","0.651123046875","0.011074066162109375","0.011074066162109375","0.011074066162109375"
"10670","","","","0.538330078125","0.538330078125","0.538330078125","0.00737762451171875","0.00737762451171875","0.00737762451171875"
"10680","","","","0.65966796875","0.65966796875","0.65966796875","0.0096282958984375","0.0096282958984375","0.0096282958984375"
"10690","","","","0.62451171875","0.62451171875","0.62451171875","0.0133056640625","0.0133056640625","0.0133056640625"
"10700","","","","0.52093505859375","0.52093505859375","0.52093505859375","0.00574493408203125","0.00574493408203125","0.00574493408203125"
"10710","","","","0.5634765625","0.5634765625","0.5634765625","0.008625030517578125","0.008625030517578125","0.008625030517578125"
"10720","","","","0.6689453125","0.6689453125","0.6689453125","0.0110015869140625","0.0110015869140625","0.0110015869140625"
"10730","","","","0.655029296875","0.655029296875","0.655029296875","0.00865936279296875","0.00865936279296875","0.00865936279296875"
"10740","","","","0.6048583984375","0.6048583984375","0.6048583984375","0.010395050048828125","0.010395050048828125","0.010395050048828125"
"10750","","","","0.617431640625","0.617431640625","0.617431640625","0.00580596923828125","0.00580596923828125","0.00580596923828125"
"10760","","","","0.68310546875","0.68310546875","0.68310546875","0.007831573486328125","0.007831573486328125","0.007831573486328125"
"10770","","","","0.606201171875","0.606201171875","0.606201171875","0.007549285888671875","0.007549285888671875","0.007549285888671875"
"10780","","","","0.7333984375","0.7333984375","0.7333984375","0.012142181396484375","0.012142181396484375","0.012142181396484375"
"10790","","","","0.67333984375","0.67333984375","0.67333984375","0.00519561767578125","0.00519561767578125","0.00519561767578125"
"10800","","","","0.5947265625","0.5947265625","0.5947265625","0.010168075561523438","0.010168075561523438","0.010168075561523438"
"10810","","","","0.46063232421875","0.46063232421875","0.46063232421875","0.0240936279296875","0.0240936279296875","0.0240936279296875"
"10820","","","","0.5302734375","0.5302734375","0.5302734375","0.01551055908203125","0.01551055908203125","0.01551055908203125"
"10830","","","","0.653564453125","0.653564453125","0.653564453125","0.01218414306640625","0.01218414306640625","0.01218414306640625"
"10840","","","","0.58349609375","0.58349609375","0.58349609375","0.004941225051879883","0.004941225051879883","0.004941225051879883"
"10850","","","","0.791015625","0.791015625","0.791015625","0.0076141357421875","0.0076141357421875","0.0076141357421875"
"10860","","","","0.51318359375","0.51318359375","0.51318359375","0.009639739990234375","0.009639739990234375","0.009639739990234375"
"10870","","","","0.62158203125","0.62158203125","0.62158203125","0.0076904296875","0.0076904296875","0.0076904296875"
"10880","","","","0.659637451171875","0.659637451171875","0.659637451171875","0.008775711059570312","0.008775711059570312","0.008775711059570312"
"10890","","","","0.657470703125","0.657470703125","0.657470703125","0.00714111328125","0.00714111328125","0.00714111328125"
"10900","","","","0.49127197265625","0.49127197265625","0.49127197265625","0.007198333740234375","0.007198333740234375","0.007198333740234375"
"10910","","","","0.640869140625","0.640869140625","0.640869140625","0.00673675537109375","0.00673675537109375","0.00673675537109375"
"10920","","","","0.60595703125","0.60595703125","0.60595703125","0.00641632080078125","0.00641632080078125","0.00641632080078125"
"10930","","","","0.5916748046875","0.5916748046875","0.5916748046875","0.005832672119140625","0.005832672119140625","0.005832672119140625"
"10940","","","","0.4925537109375","0.4925537109375","0.4925537109375","0.008586883544921875","0.008586883544921875","0.008586883544921875"
"10950","","","","0.639892578125","0.639892578125","0.639892578125","0.006168365478515625","0.006168365478515625","0.006168365478515625"
"10960","","","","0.574462890625","0.574462890625","0.574462890625","0.022369384765625","0.022369384765625","0.022369384765625"
"10970","","","","0.802001953125","0.802001953125","0.802001953125","0.009220123291015625","0.009220123291015625","0.009220123291015625"
"10980","","","","0.6090087890625","0.6090087890625","0.6090087890625","0.00799560546875","0.00799560546875","0.00799560546875"
"10990","","","","0.558837890625","0.558837890625","0.558837890625","0.005176544189453125","0.005176544189453125","0.005176544189453125"
"11000","","","","0.5400390625","0.5400390625","0.5400390625","0.010089874267578125","0.010089874267578125","0.010089874267578125"
"11010","","","","0.605712890625","0.605712890625","0.605712890625","0.0090484619140625","0.0090484619140625","0.0090484619140625"
"11020","","","","0.76416015625","0.76416015625","0.76416015625","0.00876617431640625","0.00876617431640625","0.00876617431640625"
"11030","","","","0.560546875","0.560546875","0.560546875","0.005496978759765625","0.005496978759765625","0.005496978759765625"
"11040","","","","0.636962890625","0.636962890625","0.636962890625","0.013775825500488281","0.013775825500488281","0.013775825500488281"
"11050","","","","0.657470703125","0.657470703125","0.657470703125","0.007991790771484375","0.007991790771484375","0.007991790771484375"
"11060","","","","0.570556640625","0.570556640625","0.570556640625","0.016498565673828125","0.016498565673828125","0.016498565673828125"
"11070","","","","0.5675048828125","0.5675048828125","0.5675048828125","0.00656890869140625","0.00656890869140625","0.00656890869140625"
"11080","","","","0.52691650390625","0.52691650390625","0.52691650390625","0.00737762451171875","0.00737762451171875","0.00737762451171875"
"11090","","","","0.59912109375","0.59912109375","0.59912109375","0.009128570556640625","0.009128570556640625","0.009128570556640625"
"11100","","","","0.66461181640625","0.66461181640625","0.66461181640625","0.00850677490234375","0.00850677490234375","0.00850677490234375"
"11110","","","","0.47412109375","0.47412109375","0.47412109375","0.00826263427734375","0.00826263427734375","0.00826263427734375"
"11120","","","","0.63671875","0.63671875","0.63671875","0.005481719970703125","0.005481719970703125","0.005481719970703125"
"11130","","","","0.688720703125","0.688720703125","0.688720703125","0.01326751708984375","0.01326751708984375","0.01326751708984375"
"11140","","","","0.66357421875","0.66357421875","0.66357421875","0.011157989501953125","0.011157989501953125","0.011157989501953125"
"11150","","","","0.617919921875","0.617919921875","0.617919921875","0.006999969482421875","0.006999969482421875","0.006999969482421875"
"11160","","","","0.7149658203125","0.7149658203125","0.7149658203125","0.0127105712890625","0.0127105712890625","0.0127105712890625"
"11170","","","","0.609375","0.609375","0.609375","0.01291656494140625","0.01291656494140625","0.01291656494140625"
"11180","","","","0.62744140625","0.62744140625","0.62744140625","0.005504608154296875","0.005504608154296875","0.005504608154296875"
"11190","","","","0.519775390625","0.519775390625","0.519775390625","0.007968902587890625","0.007968902587890625","0.007968902587890625"
"11200","","","","0.5645751953125","0.5645751953125","0.5645751953125","0.01043701171875","0.01043701171875","0.01043701171875"
"11210","","","","0.851806640625","0.851806640625","0.851806640625","0.0064697265625","0.0064697265625","0.0064697265625"
"11220","","","","0.53759765625","0.53759765625","0.53759765625","0.0068511962890625","0.0068511962890625","0.0068511962890625"
"11230","","","","0.560791015625","0.560791015625","0.560791015625","0.00865936279296875","0.00865936279296875","0.00865936279296875"
"11240","","","","0.66650390625","0.66650390625","0.66650390625","0.007678985595703125","0.007678985595703125","0.007678985595703125"
"11250","","","","0.659423828125","0.659423828125","0.659423828125","0.01329803466796875","0.01329803466796875","0.01329803466796875"
"11260","","","","0.612060546875","0.612060546875","0.612060546875","0.0094451904296875","0.0094451904296875","0.0094451904296875"
"11270","","","","0.71484375","0.71484375","0.71484375","0.006855010986328125","0.006855010986328125","0.006855010986328125"
"11280","","","","0.578369140625","0.578369140625","0.578369140625","0.006031990051269531","0.006031990051269531","0.006031990051269531"
"11290","","","","0.47607421875","0.47607421875","0.47607421875","0.00655364990234375","0.00655364990234375","0.00655364990234375"
"11300","","","","0.737548828125","0.737548828125","0.737548828125","0.00849151611328125","0.00849151611328125","0.00849151611328125"
"11310","","","","0.676513671875","0.676513671875","0.676513671875","0.0123443603515625","0.0123443603515625","0.0123443603515625"
"11320","","","","0.62890625","0.62890625","0.62890625","0.013439178466796875","0.013439178466796875","0.013439178466796875"
"11330","","","","0.56500244140625","0.56500244140625","0.56500244140625","0.010677337646484375","0.010677337646484375","0.010677337646484375"
"11340","","","","0.676513671875","0.676513671875","0.676513671875","0.007526397705078125","0.007526397705078125","0.007526397705078125"
"11350","","","","0.523193359375","0.523193359375","0.523193359375","0.00878143310546875","0.00878143310546875","0.00878143310546875"
"11360","","","","0.519775390625","0.519775390625","0.519775390625","0.00589752197265625","0.00589752197265625","0.00589752197265625"
"11370","","","","0.51416015625","0.51416015625","0.51416015625","0.009004592895507812","0.009004592895507812","0.009004592895507812"
"11380","","","","0.712890625","0.712890625","0.712890625","0.008022308349609375","0.008022308349609375","0.008022308349609375"
"11390","","","","0.605224609375","0.605224609375","0.605224609375","0.00909423828125","0.00909423828125","0.00909423828125"
"11400","","","","0.667724609375","0.667724609375","0.667724609375","0.005008697509765625","0.005008697509765625","0.005008697509765625"
"11410","","","","0.6044921875","0.6044921875","0.6044921875","0.0050487518310546875","0.0050487518310546875","0.0050487518310546875"
"11420","","","","0.668701171875","0.668701171875","0.668701171875","0.0129547119140625","0.0129547119140625","0.0129547119140625"
"11430","","","","0.70458984375","0.70458984375","0.70458984375","0.010272979736328125","0.010272979736328125","0.010272979736328125"
"11440","","","","0.6904296875","0.6904296875","0.6904296875","0.00910186767578125","0.00910186767578125","0.00910186767578125"
"11450","","","","0.71630859375","0.71630859375","0.71630859375","0.0100860595703125","0.0100860595703125","0.0100860595703125"
"11460","","","","0.60205078125","0.60205078125","0.60205078125","0.009830474853515625","0.009830474853515625","0.009830474853515625"
"11470","","","","0.47650146484375","0.47650146484375","0.47650146484375","0.0094146728515625","0.0094146728515625","0.0094146728515625"
"11480","","","","0.786376953125","0.786376953125","0.786376953125","0.00994873046875","0.00994873046875","0.00994873046875"
"11490","","","","0.530029296875","0.530029296875","0.530029296875","0.005458831787109375","0.005458831787109375","0.005458831787109375"
"11500","","","","0.75537109375","0.75537109375","0.75537109375","0.009363174438476562","0.009363174438476562","0.009363174438476562"
"11510","","","","0.61865234375","0.61865234375","0.61865234375","0.01454925537109375","0.01454925537109375","0.01454925537109375"
"11520","","","","0.7177734375","0.7177734375","0.7177734375","0.0075702667236328125","0.0075702667236328125","0.0075702667236328125"
"11530","","","","0.717529296875","0.717529296875","0.717529296875","0.006076812744140625","0.006076812744140625","0.006076812744140625"
"11540","","","","0.625732421875","0.625732421875","0.625732421875","0.010711669921875","0.010711669921875","0.010711669921875"
"11550","","","","0.74853515625","0.74853515625","0.74853515625","0.010578155517578125","0.010578155517578125","0.010578155517578125"
"11560","","","","0.76123046875","0.76123046875","0.76123046875","0.01427459716796875","0.01427459716796875","0.01427459716796875"
"11570","","","","0.5216064453125","0.5216064453125","0.5216064453125","0.00933074951171875","0.00933074951171875","0.00933074951171875"
"11580","","","","0.61181640625","0.61181640625","0.61181640625","0.008859634399414062","0.008859634399414062","0.008859634399414062"
"11590","","","","0.51495361328125","0.51495361328125","0.51495361328125","0.006244659423828125","0.006244659423828125","0.006244659423828125"
"11600","","","","0.546630859375","0.546630859375","0.546630859375","0.0146331787109375","0.0146331787109375","0.0146331787109375"
"11610","","","","0.487060546875","0.487060546875","0.487060546875","0.0090179443359375","0.0090179443359375","0.0090179443359375"
"11620","","","","0.81689453125","0.81689453125","0.81689453125","0.004947662353515625","0.004947662353515625","0.004947662353515625"
"11630","","","","0.52899169921875","0.52899169921875","0.52899169921875","0.007155418395996094","0.007155418395996094","0.007155418395996094"
"11640","","","","0.775390625","0.775390625","0.775390625","0.012538909912109375","0.012538909912109375","0.012538909912109375"
"11650","","","","0.4638671875","0.4638671875","0.4638671875","0.011806488037109375","0.011806488037109375","0.011806488037109375"
"11660","","","","0.63525390625","0.63525390625","0.63525390625","0.0106658935546875","0.0106658935546875","0.0106658935546875"
"11670","","","","0.564208984375","0.564208984375","0.564208984375","0.006305694580078125","0.006305694580078125","0.006305694580078125"
"11680","","","","0.704833984375","0.704833984375","0.704833984375","0.010448455810546875","0.010448455810546875","0.010448455810546875"
"11690","","","","0.668212890625","0.668212890625","0.668212890625","0.0113677978515625","0.0113677978515625","0.0113677978515625"
"11700","","","","0.62060546875","0.62060546875","0.62060546875","0.0064182281494140625","0.0064182281494140625","0.0064182281494140625"
"11710","","","","0.619140625","0.619140625","0.619140625","0.009246826171875","0.009246826171875","0.009246826171875"
"11720","","","","0.64111328125","0.64111328125","0.64111328125","0.011684417724609375","0.011684417724609375","0.011684417724609375"
"11730","","","","0.46856689453125","0.46856689453125","0.46856689453125","0.00595855712890625","0.00595855712890625","0.00595855712890625"
"11740","","","","0.641845703125","0.641845703125","0.641845703125","0.01377105712890625","0.01377105712890625","0.01377105712890625"
"11750","","","","0.5948486328125","0.5948486328125","0.5948486328125","0.008792877197265625","0.008792877197265625","0.008792877197265625"
"11760","","","","0.81005859375","0.81005859375","0.81005859375","0.011814117431640625","0.011814117431640625","0.011814117431640625"
"11770","","","","0.7470703125","0.7470703125","0.7470703125","0.00389862060546875","0.00389862060546875","0.00389862060546875"
"11780","","","","0.746826171875","0.746826171875","0.746826171875","0.012516021728515625","0.012516021728515625","0.012516021728515625"
"11790","","","","0.605224609375","0.605224609375","0.605224609375","0.009307861328125","0.009307861328125","0.009307861328125"
"11800","","","","0.51318359375","0.51318359375","0.51318359375","0.0289306640625","0.0289306640625","0.0289306640625"
"11810","","","","0.55126953125","0.55126953125","0.55126953125","0.008392333984375","0.008392333984375","0.008392333984375"
"11820","","","","0.69671630859375","0.69671630859375","0.69671630859375","0.00824737548828125","0.00824737548828125","0.00824737548828125"
"11830","","","","0.6044921875","0.6044921875","0.6044921875","0.0099334716796875","0.0099334716796875","0.0099334716796875"
"11840","","","","0.4122314453125","0.4122314453125","0.4122314453125","0.007354736328125","0.007354736328125","0.007354736328125"
"11850","","","","0.509033203125","0.509033203125","0.509033203125","0.00676727294921875","0.00676727294921875","0.00676727294921875"
"11860","","","","0.58905029296875","0.58905029296875","0.58905029296875","0.0101776123046875","0.0101776123046875","0.0101776123046875"
"11870","","","","0.5257568359375","0.5257568359375","0.5257568359375","0.007049560546875","0.007049560546875","0.007049560546875"
"11880","","","","0.607421875","0.607421875","0.607421875","0.0127105712890625","0.0127105712890625","0.0127105712890625"
"11890","","","","","","","0.0124969482421875","0.0124969482421875","0.0124969482421875"
"11900","","","","","","","0.008167266845703125","0.008167266845703125","0.008167266845703125"
"11910","","","","","","","0.01107025146484375","0.01107025146484375","0.01107025146484375"
"11920","","","","","","","0.01253509521484375","0.01253509521484375","0.01253509521484375"
"11930","","","","","","","0.020599365234375","0.020599365234375","0.020599365234375"
"11940","","","","","","","0.016082763671875","0.016082763671875","0.016082763671875"
"11950","","","","","","","0.0076904296875","0.0076904296875","0.0076904296875"
"11960","","","","","","","0.0099639892578125","0.0099639892578125","0.0099639892578125"
"11970","","","","","","","0.007961273193359375","0.007961273193359375","0.007961273193359375"
"11980","","","","","","","0.00852203369140625","0.00852203369140625","0.00852203369140625"
"11990","","","","","","","0.0123748779296875","0.0123748779296875","0.0123748779296875"
"12000","","","","","","","0.007691383361816406","0.007691383361816406","0.007691383361816406"
"12010","","","","","","","0.01471710205078125","0.01471710205078125","0.01471710205078125"
"12020","","","","","","","0.00848388671875","0.00848388671875","0.00848388671875"
"12030","","","","","","","0.0093841552734375","0.0093841552734375","0.0093841552734375"
"12040","","","","","","","0.0068511962890625","0.0068511962890625","0.0068511962890625"
"12050","","","","","","","0.0064258575439453125","0.0064258575439453125","0.0064258575439453125"
"12060","","","","","","","0.0105133056640625","0.0105133056640625","0.0105133056640625"
"12070","","","","","","","0.0063838958740234375","0.0063838958740234375","0.0063838958740234375"
"12080","","","","","","","0.01680755615234375","0.01680755615234375","0.01680755615234375"
"12090","","","","","","","0.0093994140625","0.0093994140625","0.0093994140625"
"12100","","","","","","","0.008296966552734375","0.008296966552734375","0.008296966552734375"
"12110","","","","","","","0.0157470703125","0.0157470703125","0.0157470703125"
"12120","","","","","","","0.004131317138671875","0.004131317138671875","0.004131317138671875"
"12130","","","","","","","0.00420379638671875","0.00420379638671875","0.00420379638671875"
"12140","","","","","","","0.00951385498046875","0.00951385498046875","0.00951385498046875"
"12150","","","","","","","0.0102996826171875","0.0102996826171875","0.0102996826171875"
"12160","","","","","","","0.0180206298828125","0.0180206298828125","0.0180206298828125"